Appliance,Appliance_AR,Category,Season,Day,Start,End,Duration_min,Program,Enabled,Mode,AvgPower_kW,RatedPower_kW,Energy_kWh,Source
Space heater,الدفاية (غرفة المعيشة),Heating / تدفئة وتسخين,winter,sunday,04:15,06:15,120,-,1,run,1.0,2.0,2.0,survey
Space heater,الدفاية (غرفة المعيشة),Heating / تدفئة وتسخين,winter,sunday,19:30,23:00,210,-,1,run,1.0,2.0,3.5,survey
Space heater,الدفاية (غرفة المعيشة),Heating / تدفئة وتسخين,winter,monday,04:15,06:15,120,-,1,run,1.0,2.0,2.0,survey
Space heater,الدفاية (غرفة المعيشة),Heating / تدفئة وتسخين,winter,monday,19:30,23:00,210,-,1,run,1.0,2.0,3.5,survey
Space heater,الدفاية (غرفة المعيشة),Heating / تدفئة وتسخين,winter,tuesday,04:15,06:15,120,-,1,run,1.0,2.0,2.0,survey
Space heater,الدفاية (غرفة المعيشة),Heating / تدفئة وتسخين,winter,tuesday,19:30,23:00,210,-,1,run,1.0,2.0,3.5,survey
Space heater,الدفاية (غرفة المعيشة),Heating / تدفئة وتسخين,winter,wednesday,04:15,06:15,120,-,1,run,1.0,2.0,2.0,survey
Space heater,الدفاية (غرفة المعيشة),Heating / تدفئة وتسخين,winter,wednesday,19:30,23:30,240,-,1,run,1.0,2.0,4.0,survey
Space heater,الدفاية (غرفة المعيشة),Heating / تدفئة وتسخين,winter,thursday,04:15,06:15,120,-,1,run,1.0,2.0,2.0,survey
Space heater,الدفاية (غرفة المعيشة),Heating / تدفئة وتسخين,winter,thursday,20:00,23:59,240,-,1,run,1.0,2.0,4.0,survey
Space heater,الدفاية (غرفة المعيشة),Heating / تدفئة وتسخين,winter,friday,05:00,06:00,60,-,1,run,1.0,2.0,1.0,survey
Space heater,الدفاية (غرفة المعيشة),Heating / تدفئة وتسخين,winter,friday,08:30,10:30,120,-,1,run,1.0,2.0,2.0,survey
Space heater,الدفاية (غرفة المعيشة),Heating / تدفئة وتسخين,winter,friday,20:00,23:59,240,-,1,run,1.0,2.0,4.0,survey
Space heater,الدفاية (غرفة المعيشة),Heating / تدفئة وتسخين,winter,saturday,05:00,06:00,60,-,1,run,1.0,2.0,1.0,survey
Space heater,الدفاية (غرفة المعيشة),Heating / تدفئة وتسخين,winter,saturday,08:30,10:30,120,-,1,run,1.0,2.0,2.0,survey
Space heater,الدفاية (غرفة المعيشة),Heating / تدفئة وتسخين,winter,saturday,19:30,23:00,210,-,1,run,1.0,2.0,3.5,survey
Oil heater,دفاية الزيت (غرفة النوم),Heating / تدفئة وتسخين,winter,monday,00:00,01:30,90,-,1,run,0.9,1.5,1.35,estimate
Oil heater,دفاية الزيت (غرفة النوم),Heating / تدفئة وتسخين,winter,monday,04:15,06:15,120,-,1,run,0.9,1.5,1.8,estimate
Oil heater,دفاية الزيت (غرفة النوم),Heating / تدفئة وتسخين,winter,monday,21:30,23:59,150,-,1,run,0.9,1.5,2.25,estimate
Oil heater,دفاية الزيت (غرفة النوم),Heating / تدفئة وتسخين,winter,tuesday,00:00,01:30,90,-,1,run,0.9,1.5,1.35,estimate
Oil heater,دفاية الزيت (غرفة النوم),Heating / تدفئة وتسخين,winter,tuesday,04:15,06:15,120,-,1,run,0.9,1.5,1.8,estimate
Oil heater,دفاية الزيت (غرفة النوم),Heating / تدفئة وتسخين,winter,tuesday,21:30,23:59,150,-,1,run,0.9,1.5,2.25,estimate
Oil heater,دفاية الزيت (غرفة النوم),Heating / تدفئة وتسخين,winter,wednesday,00:00,01:30,90,-,1,run,0.9,1.5,1.35,estimate
Oil heater,دفاية الزيت (غرفة النوم),Heating / تدفئة وتسخين,winter,wednesday,04:15,06:15,120,-,1,run,0.9,1.5,1.8,estimate
Oil heater,دفاية الزيت (غرفة النوم),Heating / تدفئة وتسخين,winter,wednesday,21:30,23:59,150,-,1,run,0.9,1.5,2.25,estimate
Oil heater,دفاية الزيت (غرفة النوم),Heating / تدفئة وتسخين,winter,thursday,00:00,01:30,90,-,1,run,0.9,1.5,1.35,estimate
Oil heater,دفاية الزيت (غرفة النوم),Heating / تدفئة وتسخين,winter,thursday,04:15,06:15,120,-,1,run,0.9,1.5,1.8,estimate
Oil heater,دفاية الزيت (غرفة النوم),Heating / تدفئة وتسخين,winter,thursday,22:00,23:59,120,-,1,run,0.9,1.5,1.8,estimate
Oil heater,دفاية الزيت (غرفة النوم),Heating / تدفئة وتسخين,winter,friday,00:00,02:30,150,-,1,run,0.9,1.5,2.25,estimate
Oil heater,دفاية الزيت (غرفة النوم),Heating / تدفئة وتسخين,winter,friday,05:00,07:00,120,-,1,run,0.9,1.5,1.8,estimate
Oil heater,دفاية الزيت (غرفة النوم),Heating / تدفئة وتسخين,winter,friday,22:00,23:59,120,-,1,run,0.9,1.5,1.8,estimate
Oil heater,دفاية الزيت (غرفة النوم),Heating / تدفئة وتسخين,winter,saturday,00:00,02:30,150,-,1,run,0.9,1.5,2.25,estimate
Oil heater,دفاية الزيت (غرفة النوم),Heating / تدفئة وتسخين,winter,saturday,05:00,07:00,120,-,1,run,0.9,1.5,1.8,estimate
Oil heater,دفاية الزيت (غرفة النوم),Heating / تدفئة وتسخين,winter,saturday,21:30,23:59,150,-,1,run,0.9,1.5,2.25,estimate
Oil heater,دفاية الزيت (غرفة النوم),Heating / تدفئة وتسخين,winter,sunday,00:00,01:30,90,-,1,run,0.9,1.5,1.35,estimate
Oil heater,دفاية الزيت (غرفة النوم),Heating / تدفئة وتسخين,winter,sunday,04:15,06:15,120,-,1,run,0.9,1.5,1.8,estimate
Oil heater,دفاية الزيت (غرفة النوم),Heating / تدفئة وتسخين,winter,sunday,21:30,23:59,150,-,1,run,0.9,1.5,2.25,estimate
Water heater,سخان المياه,Heating / تدفئة وتسخين,all-year,sunday,04:30,05:15,45,-,1,run,0.7,2.0,0.525,survey
Water heater,سخان المياه,Heating / تدفئة وتسخين,all-year,sunday,06:00,07:00,60,-,1,run,0.7,2.0,0.7,survey
Water heater,سخان المياه,Heating / تدفئة وتسخين,all-year,sunday,15:30,16:15,45,-,1,run,0.7,2.0,0.525,survey
Water heater,سخان المياه,Heating / تدفئة وتسخين,all-year,sunday,20:30,22:00,90,-,1,run,0.7,2.0,1.05,survey
Water heater,سخان المياه,Heating / تدفئة وتسخين,all-year,monday,04:30,05:15,45,-,1,run,0.7,2.0,0.525,survey
Water heater,سخان المياه,Heating / تدفئة وتسخين,all-year,monday,06:00,07:00,60,-,1,run,0.7,2.0,0.7,survey
Water heater,سخان المياه,Heating / تدفئة وتسخين,all-year,monday,15:30,16:15,45,-,1,run,0.7,2.0,0.525,survey
Water heater,سخان المياه,Heating / تدفئة وتسخين,all-year,monday,20:30,22:00,90,-,1,run,0.7,2.0,1.05,survey
Water heater,سخان المياه,Heating / تدفئة وتسخين,all-year,tuesday,04:30,05:15,45,-,1,run,0.7,2.0,0.525,survey
Water heater,سخان المياه,Heating / تدفئة وتسخين,all-year,tuesday,06:00,07:00,60,-,1,run,0.7,2.0,0.7,survey
Water heater,سخان المياه,Heating / تدفئة وتسخين,all-year,tuesday,15:30,16:15,45,-,1,run,0.7,2.0,0.525,survey
Water heater,سخان المياه,Heating / تدفئة وتسخين,all-year,tuesday,20:30,22:00,90,-,1,run,0.7,2.0,1.05,survey
Water heater,سخان المياه,Heating / تدفئة وتسخين,all-year,wednesday,04:30,05:15,45,-,1,run,0.7,2.0,0.525,survey
Water heater,سخان المياه,Heating / تدفئة وتسخين,all-year,wednesday,06:00,07:00,60,-,1,run,0.7,2.0,0.7,survey
Water heater,سخان المياه,Heating / تدفئة وتسخين,all-year,wednesday,15:30,16:15,45,-,1,run,0.7,2.0,0.525,survey
Water heater,سخان المياه,Heating / تدفئة وتسخين,all-year,wednesday,20:30,22:00,90,-,1,run,0.7,2.0,1.05,survey
Water heater,سخان المياه,Heating / تدفئة وتسخين,all-year,thursday,04:30,05:15,45,-,1,run,0.7,2.0,0.525,survey
Water heater,سخان المياه,Heating / تدفئة وتسخين,all-year,thursday,06:00,07:00,60,-,1,run,0.7,2.0,0.7,survey
Water heater,سخان المياه,Heating / تدفئة وتسخين,all-year,thursday,15:30,16:15,45,-,1,run,0.7,2.0,0.525,survey
Water heater,سخان المياه,Heating / تدفئة وتسخين,all-year,thursday,19:00,20:30,90,-,1,run,0.7,2.0,1.05,survey
Water heater,سخان المياه,Heating / تدفئة وتسخين,all-year,friday,04:30,05:15,45,-,1,run,0.7,2.0,0.525,survey
Water heater,سخان المياه,Heating / تدفئة وتسخين,all-year,friday,09:30,11:30,120,-,1,run,0.7,2.0,1.4,survey
Water heater,سخان المياه,Heating / تدفئة وتسخين,all-year,friday,16:30,17:15,45,-,1,run,0.7,2.0,0.525,survey
Water heater,سخان المياه,Heating / تدفئة وتسخين,all-year,friday,20:30,22:00,90,-,1,run,0.7,2.0,1.05,survey
Water heater,سخان المياه,Heating / تدفئة وتسخين,all-year,saturday,04:30,05:15,45,-,1,run,0.7,2.0,0.525,survey
Water heater,سخان المياه,Heating / تدفئة وتسخين,all-year,saturday,09:00,10:30,90,-,1,run,0.7,2.0,1.05,survey
Water heater,سخان المياه,Heating / تدفئة وتسخين,all-year,saturday,16:30,17:15,45,-,1,run,0.7,2.0,0.525,survey
Water heater,سخان المياه,Heating / تدفئة وتسخين,all-year,saturday,20:30,22:00,90,-,1,run,0.7,2.0,1.05,survey
Oven & cooker,الفرن والموقد,Cooking / طبخ,all-year,monday,13:00,13:20,20,P_SMALL,1,run,0.8,1.2,0.267,survey
Oven & cooker,الفرن والموقد,Cooking / طبخ,all-year,monday,13:20,14:00,40,P_BIG_SMALL,1,run,2.2,3.2,1.467,survey
Oven & cooker,الفرن والموقد,Cooking / طبخ,all-year,monday,14:00,14:40,40,P_BIG,1,run,1.4,2.0,0.933,survey
Oven & cooker,الفرن والموقد,Cooking / طبخ,all-year,monday,14:40,15:00,20,P_IDLE,1,run,0,0,0.0,survey
Oven & cooker,الفرن والموقد,Cooking / طبخ,all-year,tuesday,12:45,13:15,30,P_BIG_SMALL,1,run,2.2,3.2,1.1,survey
Oven & cooker,الفرن والموقد,Cooking / طبخ,all-year,tuesday,13:15,14:30,75,P_BIG_OVEN,1,run,2.9,4.5,3.625,survey
Oven & cooker,الفرن والموقد,Cooking / طبخ,all-year,tuesday,14:30,14:45,15,P_IDLE,1,run,0,0,0.0,survey
Oven & cooker,الفرن والموقد,Cooking / طبخ,all-year,tuesday,20:30,20:45,15,P_SMALL,1,run,0.8,1.2,0.2,survey
Oven & cooker,الفرن والموقد,Cooking / طبخ,all-year,tuesday,20:45,20:55,10,P_IDLE,1,run,0,0,0.0,survey
Oven & cooker,الفرن والموقد,Cooking / طبخ,all-year,wednesday,13:00,13:30,30,P_SMALL,1,run,0.8,1.2,0.4,survey
Oven & cooker,الفرن والموقد,Cooking / طبخ,all-year,wednesday,13:30,14:30,60,P_SMALL_OVEN,1,run,2.3,3.7,2.3,survey
Oven & cooker,الفرن والموقد,Cooking / طبخ,all-year,wednesday,14:30,14:50,20,P_IDLE,1,run,0,0,0.0,survey
Oven & cooker,الفرن والموقد,Cooking / طبخ,all-year,thursday,12:45,13:30,45,P_BIG_SMALL,1,run,2.2,3.2,1.65,survey
Oven & cooker,الفرن والموقد,Cooking / طبخ,all-year,thursday,13:30,14:15,45,P_BIG,1,run,1.4,2.0,1.05,survey
Oven & cooker,الفرن والموقد,Cooking / طبخ,all-year,thursday,14:15,14:30,15,P_IDLE,1,run,0,0,0.0,survey
Oven & cooker,الفرن والموقد,Cooking / طبخ,all-year,thursday,18:00,19:15,75,P_OVEN,1,run,1.5,2.5,1.875,survey
Oven & cooker,الفرن والموقد,Cooking / طبخ,all-year,thursday,19:15,20:15,60,P_ALL,1,run,3.7,5.7,3.7,survey
Oven & cooker,الفرن والموقد,Cooking / طبخ,all-year,thursday,20:15,20:45,30,P_IDLE,1,run,0,0,0.0,survey
Oven & cooker,الفرن والموقد,Cooking / طبخ,all-year,friday,09:30,09:50,20,P_SMALL,1,run,0.8,1.2,0.267,survey
Oven & cooker,الفرن والموقد,Cooking / طبخ,all-year,friday,09:50,10:00,10,P_IDLE,1,run,0,0,0.0,survey
Oven & cooker,الفرن والموقد,Cooking / طبخ,all-year,friday,10:45,11:30,45,P_BIG,1,run,1.4,2.0,1.05,survey
Oven & cooker,الفرن والموقد,Cooking / طبخ,all-year,friday,11:30,12:30,60,P_ALL,1,run,3.7,5.7,3.7,survey
Oven & cooker,الفرن والموقد,Cooking / طبخ,all-year,friday,12:30,13:15,45,P_BIG_OVEN,1,run,2.9,4.5,2.175,survey
Oven & cooker,الفرن والموقد,Cooking / طبخ,all-year,friday,13:15,13:30,15,P_OVEN,1,run,1.5,2.5,0.375,survey
Oven & cooker,الفرن والموقد,Cooking / طبخ,all-year,friday,13:30,13:45,15,P_IDLE,1,run,0,0,0.0,survey
Oven & cooker,الفرن والموقد,Cooking / طبخ,all-year,saturday,10:00,10:20,20,P_SMALL,1,run,0.8,1.2,0.267,survey
Oven & cooker,الفرن والموقد,Cooking / طبخ,all-year,saturday,10:20,10:30,10,P_IDLE,1,run,0,0,0.0,survey
Oven & cooker,الفرن والموقد,Cooking / طبخ,all-year,saturday,12:30,13:00,30,P_BIG,1,run,1.4,2.0,0.7,survey
Oven & cooker,الفرن والموقد,Cooking / طبخ,all-year,saturday,13:00,13:45,45,P_BIG_OVEN,1,run,2.9,4.5,2.175,survey
Oven & cooker,الفرن والموقد,Cooking / طبخ,all-year,saturday,13:45,14:00,15,P_OVEN,1,run,1.5,2.5,0.375,survey
Oven & cooker,الفرن والموقد,Cooking / طبخ,all-year,saturday,14:00,14:15,15,P_IDLE,1,run,0,0,0.0,survey
Oven & cooker,الفرن والموقد,Cooking / طبخ,all-year,saturday,20:30,20:45,15,P_SMALL,1,run,0.8,1.2,0.2,survey
Oven & cooker,الفرن والموقد,Cooking / طبخ,all-year,saturday,20:45,20:55,10,P_IDLE,1,run,0,0,0.0,survey
Oven & cooker,الفرن والموقد,Cooking / طبخ,all-year,sunday,12:45,13:15,30,P_BIG,1,run,1.4,2.0,0.7,survey
Oven & cooker,الفرن والموقد,Cooking / طبخ,all-year,sunday,13:15,14:15,60,P_BIG_OVEN,1,run,2.9,4.5,2.9,survey
Oven & cooker,الفرن والموقد,Cooking / طبخ,all-year,sunday,14:15,14:40,25,P_OVEN,1,run,1.5,2.5,0.625,survey
Oven & cooker,الفرن والموقد,Cooking / طبخ,all-year,sunday,14:40,15:00,20,P_IDLE,1,run,0,0,0.0,survey
Oven & cooker,الفرن والموقد,Cooking / طبخ,all-year,sunday,20:15,20:35,20,P_SMALL,1,run,0.8,1.2,0.267,survey
Oven & cooker,الفرن والموقد,Cooking / طبخ,all-year,sunday,20:35,20:45,10,P_IDLE,1,run,0,0,0.0,survey
Air fryer,القلاية الهوائية,Cooking / طبخ,all-year,sunday,14:45,15:05,20,-,1,run,1.2,1.5,0.4,estimate
Air fryer,القلاية الهوائية,Cooking / طبخ,all-year,sunday,21:00,21:15,15,-,1,run,1.2,1.5,0.3,estimate
Air fryer,القلاية الهوائية,Cooking / طبخ,all-year,monday,14:45,15:00,15,-,1,run,1.2,1.5,0.3,estimate
Air fryer,القلاية الهوائية,Cooking / طبخ,all-year,monday,21:15,21:30,15,-,1,run,1.2,1.5,0.3,estimate
Air fryer,القلاية الهوائية,Cooking / طبخ,all-year,tuesday,14:45,15:05,20,-,1,run,1.2,1.5,0.4,estimate
Air fryer,القلاية الهوائية,Cooking / طبخ,all-year,wednesday,14:45,15:00,15,-,1,run,1.2,1.5,0.3,estimate
Air fryer,القلاية الهوائية,Cooking / طبخ,all-year,wednesday,21:00,21:15,15,-,1,run,1.2,1.5,0.3,estimate
Air fryer,القلاية الهوائية,Cooking / طبخ,all-year,thursday,14:30,14:50,20,-,1,run,1.2,1.5,0.4,estimate
Air fryer,القلاية الهوائية,Cooking / طبخ,all-year,thursday,21:30,21:55,25,-,1,run,1.2,1.5,0.5,estimate
Air fryer,القلاية الهوائية,Cooking / طبخ,all-year,friday,10:00,10:10,10,-,1,run,1.2,1.5,0.2,estimate
Air fryer,القلاية الهوائية,Cooking / طبخ,all-year,friday,13:30,13:55,25,-,1,run,1.2,1.5,0.5,estimate
Air fryer,القلاية الهوائية,Cooking / طبخ,all-year,friday,21:30,21:50,20,-,1,run,1.2,1.5,0.4,estimate
Air fryer,القلاية الهوائية,Cooking / طبخ,all-year,saturday,10:30,10:40,10,-,1,run,1.2,1.5,0.2,estimate
Air fryer,القلاية الهوائية,Cooking / طبخ,all-year,saturday,14:00,14:20,20,-,1,run,1.2,1.5,0.4,estimate
Air fryer,القلاية الهوائية,Cooking / طبخ,all-year,saturday,21:00,21:15,15,-,1,run,1.2,1.5,0.3,estimate
Microwave,المايكروويف,Cooking / طبخ,all-year,monday,06:30,06:32,2,-,1,run,1.1,1.1,0.037,survey
Microwave,المايكروويف,Cooking / طبخ,all-year,monday,14:40,14:43,3,-,1,run,1.1,1.1,0.055,survey
Microwave,المايكروويف,Cooking / طبخ,all-year,monday,15:35,15:37,2,-,1,run,1.1,1.1,0.037,survey
Microwave,المايكروويف,Cooking / طبخ,all-year,monday,21:10,21:14,4,-,1,run,1.1,1.1,0.073,survey
Microwave,المايكروويف,Cooking / طبخ,all-year,tuesday,06:35,06:37,2,-,1,run,1.1,1.1,0.037,survey
Microwave,المايكروويف,Cooking / طبخ,all-year,tuesday,14:45,14:48,3,-,1,run,1.1,1.1,0.055,survey
Microwave,المايكروويف,Cooking / طبخ,all-year,tuesday,17:00,17:02,2,-,1,run,1.1,1.1,0.037,survey
Microwave,المايكروويف,Cooking / طبخ,all-year,tuesday,21:00,21:03,3,-,1,run,1.1,1.1,0.055,survey
Microwave,المايكروويف,Cooking / طبخ,all-year,wednesday,04:40,04:42,2,-,1,run,1.1,1.1,0.037,survey
Microwave,المايكروويف,Cooking / طبخ,all-year,wednesday,06:30,06:32,2,-,1,run,1.1,1.1,0.037,survey
Microwave,المايكروويف,Cooking / طبخ,all-year,wednesday,14:40,14:43,3,-,1,run,1.1,1.1,0.055,survey
Microwave,المايكروويف,Cooking / طبخ,all-year,wednesday,15:30,15:32,2,-,1,run,1.1,1.1,0.037,survey
Microwave,المايكروويف,Cooking / طبخ,all-year,wednesday,21:15,21:19,4,-,1,run,1.1,1.1,0.073,survey
Microwave,المايكروويف,Cooking / طبخ,all-year,thursday,06:30,06:32,2,-,1,run,1.1,1.1,0.037,survey
Microwave,المايكروويف,Cooking / طبخ,all-year,thursday,14:35,14:38,3,-,1,run,1.1,1.1,0.055,survey
Microwave,المايكروويف,Cooking / طبخ,all-year,thursday,23:30,23:33,3,-,1,run,1.1,1.1,0.055,survey
Microwave,المايكروويف,Cooking / طبخ,all-year,friday,09:45,09:47,2,-,1,run,1.1,1.1,0.037,survey
Microwave,المايكروويف,Cooking / طبخ,all-year,friday,16:45,16:48,3,-,1,run,1.1,1.1,0.055,survey
Microwave,المايكروويف,Cooking / طبخ,all-year,friday,21:30,21:34,4,-,1,run,1.1,1.1,0.073,survey
Microwave,المايكروويف,Cooking / طبخ,all-year,friday,23:50,23:53,3,-,1,run,1.1,1.1,0.055,survey
Microwave,المايكروويف,Cooking / طبخ,all-year,saturday,10:15,10:17,2,-,1,run,1.1,1.1,0.037,survey
Microwave,المايكروويف,Cooking / طبخ,all-year,saturday,14:30,14:33,3,-,1,run,1.1,1.1,0.055,survey
Microwave,المايكروويف,Cooking / طبخ,all-year,saturday,17:00,17:02,2,-,1,run,1.1,1.1,0.037,survey
Microwave,المايكروويف,Cooking / طبخ,all-year,saturday,21:00,21:04,4,-,1,run,1.1,1.1,0.073,survey
Microwave,المايكروويف,Cooking / طبخ,all-year,sunday,04:40,04:42,2,-,1,run,1.1,1.1,0.037,survey
Microwave,المايكروويف,Cooking / طبخ,all-year,sunday,06:30,06:32,2,-,1,run,1.1,1.1,0.037,survey
Microwave,المايكروويف,Cooking / طبخ,all-year,sunday,14:45,14:48,3,-,1,run,1.1,1.1,0.055,survey
Microwave,المايكروويف,Cooking / طبخ,all-year,sunday,15:30,15:32,2,-,1,run,1.1,1.1,0.037,survey
Microwave,المايكروويف,Cooking / طبخ,all-year,sunday,20:30,20:34,4,-,1,run,1.1,1.1,0.073,survey
Kettle,الغلاية,Cooking / طبخ,all-year,monday,06:15,06:19,4,-,1,run,2.1,2.1,0.14,survey
Kettle,الغلاية,Cooking / طبخ,all-year,monday,15:15,15:18,3,-,1,run,2.1,2.1,0.105,survey
Kettle,الغلاية,Cooking / طبخ,all-year,monday,17:00,17:04,4,-,1,run,2.1,2.1,0.14,survey
Kettle,الغلاية,Cooking / طبخ,all-year,monday,21:00,21:03,3,-,1,run,2.1,2.1,0.105,survey
Kettle,الغلاية,Cooking / طبخ,all-year,tuesday,04:35,04:38,3,-,1,run,2.1,2.1,0.105,survey
Kettle,الغلاية,Cooking / طبخ,all-year,tuesday,06:15,06:19,4,-,1,run,2.1,2.1,0.14,survey
Kettle,الغلاية,Cooking / طبخ,all-year,tuesday,15:20,15:23,3,-,1,run,2.1,2.1,0.105,survey
Kettle,الغلاية,Cooking / طبخ,all-year,tuesday,17:00,17:04,4,-,1,run,2.1,2.1,0.14,survey
Kettle,الغلاية,Cooking / طبخ,all-year,tuesday,20:30,20:33,3,-,1,run,2.1,2.1,0.105,survey
Kettle,الغلاية,Cooking / طبخ,all-year,wednesday,06:15,06:19,4,-,1,run,2.1,2.1,0.14,survey
Kettle,الغلاية,Cooking / طبخ,all-year,wednesday,15:15,15:18,3,-,1,run,2.1,2.1,0.105,survey
Kettle,الغلاية,Cooking / طبخ,all-year,wednesday,17:05,17:09,4,-,1,run,2.1,2.1,0.14,survey
Kettle,الغلاية,Cooking / طبخ,all-year,wednesday,21:15,21:18,3,-,1,run,2.1,2.1,0.105,survey
Kettle,الغلاية,Cooking / طبخ,all-year,thursday,06:15,06:19,4,-,1,run,2.1,2.1,0.14,survey
Kettle,الغلاية,Cooking / طبخ,all-year,thursday,15:10,15:13,3,-,1,run,2.1,2.1,0.105,survey
Kettle,الغلاية,Cooking / طبخ,all-year,thursday,17:00,17:04,4,-,1,run,2.1,2.1,0.14,survey
Kettle,الغلاية,Cooking / طبخ,all-year,thursday,20:00,20:04,4,-,1,run,2.1,2.1,0.14,survey
Kettle,الغلاية,Cooking / طبخ,all-year,thursday,21:00,21:04,4,-,1,run,2.1,2.1,0.14,survey
Kettle,الغلاية,Cooking / طبخ,all-year,thursday,22:00,22:04,4,-,1,run,2.1,2.1,0.14,survey
Kettle,الغلاية,Cooking / طبخ,all-year,friday,04:40,04:43,3,-,1,run,2.1,2.1,0.105,survey
Kettle,الغلاية,Cooking / طبخ,all-year,friday,09:30,09:34,4,-,1,run,2.1,2.1,0.14,survey
Kettle,الغلاية,Cooking / طبخ,all-year,friday,14:15,14:18,3,-,1,run,2.1,2.1,0.105,survey
Kettle,الغلاية,Cooking / طبخ,all-year,friday,16:45,16:49,4,-,1,run,2.1,2.1,0.14,survey
Kettle,الغلاية,Cooking / طبخ,all-year,friday,17:30,17:34,4,-,1,run,2.1,2.1,0.14,survey
Kettle,الغلاية,Cooking / طبخ,all-year,friday,21:00,21:04,4,-,1,run,2.1,2.1,0.14,survey
Kettle,الغلاية,Cooking / طبخ,all-year,saturday,04:40,04:43,3,-,1,run,2.1,2.1,0.105,survey
Kettle,الغلاية,Cooking / طبخ,all-year,saturday,10:00,10:04,4,-,1,run,2.1,2.1,0.14,survey
Kettle,الغلاية,Cooking / طبخ,all-year,saturday,15:00,15:03,3,-,1,run,2.1,2.1,0.105,survey
Kettle,الغلاية,Cooking / طبخ,all-year,saturday,17:00,17:04,4,-,1,run,2.1,2.1,0.14,survey
Kettle,الغلاية,Cooking / طبخ,all-year,saturday,20:30,20:34,4,-,1,run,2.1,2.1,0.14,survey
Kettle,الغلاية,Cooking / طبخ,all-year,saturday,21:30,21:33,3,-,1,run,2.1,2.1,0.105,survey
Kettle,الغلاية,Cooking / طبخ,all-year,sunday,04:35,04:38,3,-,1,run,2.1,2.1,0.105,survey
Kettle,الغلاية,Cooking / طبخ,all-year,sunday,06:15,06:19,4,-,1,run,2.1,2.1,0.14,survey
Kettle,الغلاية,Cooking / طبخ,all-year,sunday,15:15,15:18,3,-,1,run,2.1,2.1,0.105,survey
Kettle,الغلاية,Cooking / طبخ,all-year,sunday,17:00,17:04,4,-,1,run,2.1,2.1,0.14,survey
Kettle,الغلاية,Cooking / طبخ,all-year,sunday,21:00,21:03,3,-,1,run,2.1,2.1,0.105,survey
Toaster,التوستر,Cooking / طبخ,all-year,monday,06:20,06:23,3,-,1,run,1.0,1.0,0.05,survey
Toaster,التوستر,Cooking / طبخ,all-year,monday,20:45,20:48,3,-,1,run,1.0,1.0,0.05,survey
Toaster,التوستر,Cooking / طبخ,all-year,tuesday,06:20,06:23,3,-,1,run,1.0,1.0,0.05,survey
Toaster,التوستر,Cooking / طبخ,all-year,wednesday,06:20,06:23,3,-,1,run,1.0,1.0,0.05,survey
Toaster,التوستر,Cooking / طبخ,all-year,wednesday,17:00,17:02,2,-,1,run,1.0,1.0,0.033,survey
Toaster,التوستر,Cooking / طبخ,all-year,thursday,06:20,06:23,3,-,1,run,1.0,1.0,0.05,survey
Toaster,التوستر,Cooking / طبخ,all-year,thursday,20:30,20:33,3,-,1,run,1.0,1.0,0.05,survey
Toaster,التوستر,Cooking / طبخ,all-year,friday,09:40,09:43,3,-,1,run,1.0,1.0,0.05,survey
Toaster,التوستر,Cooking / طبخ,all-year,friday,09:45,09:48,3,-,1,run,1.0,1.0,0.05,survey
Toaster,التوستر,Cooking / طبخ,all-year,friday,17:15,17:17,2,-,1,run,1.0,1.0,0.033,survey
Toaster,التوستر,Cooking / طبخ,all-year,saturday,10:05,10:08,3,-,1,run,1.0,1.0,0.05,survey
Toaster,التوستر,Cooking / طبخ,all-year,saturday,10:10,10:13,3,-,1,run,1.0,1.0,0.05,survey
Toaster,التوستر,Cooking / طبخ,all-year,saturday,20:45,20:48,3,-,1,run,1.0,1.0,0.05,survey
Toaster,التوستر,Cooking / طبخ,all-year,sunday,06:20,06:23,3,-,1,run,1.0,1.0,0.05,survey
Toaster,التوستر,Cooking / طبخ,all-year,sunday,21:00,21:03,3,-,1,run,1.0,1.0,0.05,survey
Washing machine,غسالة الملابس الأوتوماتيكية,Laundry / غسيل وكي,all-year,monday,18:00,18:45,45,45min,1,run,0.667,2.0,0.5,survey
Washing machine,غسالة الملابس الأوتوماتيكية,Laundry / غسيل وكي,all-year,tuesday,21:00,23:45,165,cotton,1,run,0.6,2.0,1.65,survey
Washing machine,غسالة الملابس الأوتوماتيكية,Laundry / غسيل وكي,all-year,wednesday,17:30,17:45,15,15min,1,run,0.6,2.0,0.15,survey
Washing machine,غسالة الملابس الأوتوماتيكية,Laundry / غسيل وكي,all-year,wednesday,20:30,21:15,45,45min,1,run,0.667,2.0,0.5,survey
Washing machine,غسالة الملابس الأوتوماتيكية,Laundry / غسيل وكي,all-year,thursday,18:00,18:45,45,45min,1,run,0.667,2.0,0.5,survey
Washing machine,غسالة الملابس الأوتوماتيكية,Laundry / غسيل وكي,all-year,friday,08:30,11:15,165,cotton,1,run,0.6,2.0,1.65,survey
Washing machine,غسالة الملابس الأوتوماتيكية,Laundry / غسيل وكي,all-year,friday,19:30,20:15,45,45min,1,run,0.667,2.0,0.5,survey
Washing machine,غسالة الملابس الأوتوماتيكية,Laundry / غسيل وكي,all-year,saturday,10:30,13:15,165,cotton,1,run,0.6,2.0,1.65,survey
Washing machine,غسالة الملابس الأوتوماتيكية,Laundry / غسيل وكي,all-year,saturday,15:00,15:45,45,45min,1,run,0.667,2.0,0.5,survey
Washing machine,غسالة الملابس الأوتوماتيكية,Laundry / غسيل وكي,all-year,saturday,20:30,20:45,15,15min,1,run,0.6,2.0,0.15,survey
Washing machine,غسالة الملابس الأوتوماتيكية,Laundry / غسيل وكي,all-year,sunday,20:30,23:15,165,cotton,1,run,0.6,2.0,1.65,survey
Dishwasher,غسالة الصحون,Laundry / غسيل وكي,all-year,sunday,22:30,01:30,180,P3,1,run,0.433,2.0,1.3,survey
Dishwasher,غسالة الصحون,Laundry / غسيل وكي,all-year,monday,23:00,00:00,60,P7,1,run,0.7,2.0,0.7,survey
Dishwasher,غسالة الصحون,Laundry / غسيل وكي,all-year,tuesday,23:00,01:00,120,P5,1,run,0.5,2.0,1.0,survey
Dishwasher,غسالة الصحون,Laundry / غسيل وكي,all-year,wednesday,23:00,00:00,60,P7,1,run,0.7,2.0,0.7,survey
Dishwasher,غسالة الصحون,Laundry / غسيل وكي,all-year,thursday,23:30,03:30,240,P1,1,run,0.45,2.0,1.8,survey
Dishwasher,غسالة الصحون,Laundry / غسيل وكي,all-year,friday,15:00,16:30,90,P6,1,run,0.6,2.0,0.9,survey
Dishwasher,غسالة الصحون,Laundry / غسيل وكي,all-year,friday,23:30,03:00,210,P2,1,run,0.429,2.0,1.5,survey
Dishwasher,غسالة الصحون,Laundry / غسيل وكي,all-year,saturday,23:00,02:00,180,P3,1,run,0.433,2.0,1.3,survey
Clothes iron,كاوية الملابس,Laundry / غسيل وكي,all-year,sunday,06:20,06:30,10,-,1,run,1.2,2.0,0.2,survey
Clothes iron,كاوية الملابس,Laundry / غسيل وكي,all-year,sunday,21:45,21:55,10,-,1,run,1.2,2.0,0.2,survey
Clothes iron,كاوية الملابس,Laundry / غسيل وكي,all-year,monday,06:20,06:30,10,-,1,run,1.2,2.0,0.2,survey
Clothes iron,كاوية الملابس,Laundry / غسيل وكي,all-year,tuesday,06:20,06:30,10,-,1,run,1.2,2.0,0.2,survey
Clothes iron,كاوية الملابس,Laundry / غسيل وكي,all-year,tuesday,21:30,21:40,10,-,1,run,1.2,2.0,0.2,survey
Clothes iron,كاوية الملابس,Laundry / غسيل وكي,all-year,wednesday,06:20,06:30,10,-,1,run,1.2,2.0,0.2,survey
Clothes iron,كاوية الملابس,Laundry / غسيل وكي,all-year,thursday,06:20,06:30,10,-,1,run,1.2,2.0,0.2,survey
Clothes iron,كاوية الملابس,Laundry / غسيل وكي,all-year,thursday,17:00,17:20,20,-,1,run,1.2,2.0,0.4,survey
Clothes iron,كاوية الملابس,Laundry / غسيل وكي,all-year,friday,10:30,10:50,20,-,1,run,1.2,2.0,0.4,survey
Clothes iron,كاوية الملابس,Laundry / غسيل وكي,all-year,friday,18:00,18:15,15,-,1,run,1.2,2.0,0.3,survey
Clothes iron,كاوية الملابس,Laundry / غسيل وكي,all-year,saturday,11:00,11:40,40,-,1,run,1.2,2.0,0.8,survey
Clothes iron,كاوية الملابس,Laundry / غسيل وكي,all-year,saturday,21:30,21:45,15,-,1,run,1.2,2.0,0.3,survey
TV,التلفاز,Entertainment / ترفيه,all-year,monday,06:15,06:45,30,-,1,run,0.14,0.14,0.07,survey
TV,التلفاز,Entertainment / ترفيه,all-year,monday,17:30,18:30,60,-,1,run,0.14,0.14,0.14,survey
TV,التلفاز,Entertainment / ترفيه,all-year,monday,20:00,23:30,210,-,1,run,0.14,0.14,0.49,survey
TV,التلفاز,Entertainment / ترفيه,all-year,tuesday,17:30,18:30,60,-,1,run,0.14,0.14,0.14,survey
TV,التلفاز,Entertainment / ترفيه,all-year,tuesday,20:00,23:30,210,-,1,run,0.14,0.14,0.49,survey
TV,التلفاز,Entertainment / ترفيه,all-year,wednesday,06:15,06:45,30,-,1,run,0.14,0.14,0.07,survey
TV,التلفاز,Entertainment / ترفيه,all-year,wednesday,17:30,18:30,60,-,1,run,0.14,0.14,0.14,survey
TV,التلفاز,Entertainment / ترفيه,all-year,wednesday,20:00,23:59,240,-,1,run,0.14,0.14,0.56,survey
TV,التلفاز,Entertainment / ترفيه,all-year,thursday,00:00,00:30,30,-,1,run,0.14,0.14,0.07,survey
TV,التلفاز,Entertainment / ترفيه,all-year,thursday,17:00,19:00,120,-,1,run,0.14,0.14,0.28,survey
TV,التلفاز,Entertainment / ترفيه,all-year,thursday,20:00,23:59,240,-,1,run,0.14,0.14,0.56,survey
TV,التلفاز,Entertainment / ترفيه,all-year,friday,00:00,02:00,120,-,1,run,0.14,0.14,0.28,survey
TV,التلفاز,Entertainment / ترفيه,all-year,friday,10:00,11:30,90,-,1,run,0.14,0.14,0.21,survey
TV,التلفاز,Entertainment / ترفيه,all-year,friday,15:00,16:30,90,-,1,run,0.14,0.14,0.21,survey
TV,التلفاز,Entertainment / ترفيه,all-year,friday,18:00,23:59,360,-,1,run,0.14,0.14,0.84,survey
TV,التلفاز,Entertainment / ترفيه,all-year,saturday,00:00,02:00,120,-,1,run,0.14,0.14,0.28,survey
TV,التلفاز,Entertainment / ترفيه,all-year,saturday,10:00,12:30,150,-,1,run,0.14,0.14,0.35,survey
TV,التلفاز,Entertainment / ترفيه,all-year,saturday,16:00,19:00,180,-,1,run,0.14,0.14,0.42,survey
TV,التلفاز,Entertainment / ترفيه,all-year,saturday,20:00,23:59,240,-,1,run,0.14,0.14,0.56,survey
TV,التلفاز,Entertainment / ترفيه,all-year,sunday,06:15,06:45,30,-,1,run,0.14,0.14,0.07,survey
TV,التلفاز,Entertainment / ترفيه,all-year,sunday,17:30,18:30,60,-,1,run,0.14,0.14,0.14,survey
TV,التلفاز,Entertainment / ترفيه,all-year,sunday,20:00,23:30,210,-,1,run,0.14,0.14,0.49,survey
Hair iron,مكواة الشعر,Personal care / عناية,all-year,sunday,06:15,06:30,15,-,1,run,0.06,0.06,0.015,estimate
Hair iron,مكواة الشعر,Personal care / عناية,all-year,monday,06:15,06:30,15,-,1,run,0.06,0.06,0.015,estimate
Hair iron,مكواة الشعر,Personal care / عناية,all-year,tuesday,06:15,06:30,15,-,1,run,0.06,0.06,0.015,estimate
Hair iron,مكواة الشعر,Personal care / عناية,all-year,tuesday,17:30,17:45,15,-,1,run,0.06,0.06,0.015,estimate
Hair iron,مكواة الشعر,Personal care / عناية,all-year,wednesday,06:15,06:30,15,-,1,run,0.06,0.06,0.015,estimate
Hair iron,مكواة الشعر,Personal care / عناية,all-year,thursday,06:15,06:30,15,-,1,run,0.06,0.06,0.015,estimate
Hair iron,مكواة الشعر,Personal care / عناية,all-year,thursday,19:00,19:30,30,-,1,run,0.06,0.06,0.03,estimate
Hair iron,مكواة الشعر,Personal care / عناية,all-year,friday,17:00,17:25,25,-,1,run,0.06,0.06,0.025,estimate
Hair iron,مكواة الشعر,Personal care / عناية,all-year,saturday,11:30,11:45,15,-,1,run,0.06,0.06,0.015,estimate
Hair iron,مكواة الشعر,Personal care / عناية,all-year,saturday,19:30,19:50,20,-,1,run,0.06,0.06,0.02,estimate
