timestamp,washing_machine
2026-09-01T09:00:00,7.7
2026-09-01T09:00:01,8.5
2026-09-01T09:00:02,7.8
2026-09-01T09:00:03,7.7
2026-09-01T09:00:04,7.1
2026-09-01T09:00:05,7.8
2026-09-01T09:00:06,9.1
2026-09-01T09:00:07,8.4
2026-09-01T09:00:08,9.0
2026-09-01T09:00:09,8.2
2026-09-01T09:00:10,8.4
2026-09-01T09:00:11,8.2
2026-09-01T09:00:12,6.3
2026-09-01T09:00:13,8.9
2026-09-01T09:00:14,8.5
2026-09-01T09:00:15,8.5
2026-09-01T09:00:16,6.3
2026-09-01T09:00:17,6.3
2026-09-01T09:00:18,7.1
2026-09-01T09:00:19,7.5
2026-09-01T09:00:20,8.3
2026-09-01T09:00:21,8.0
2026-09-01T09:00:22,8.5
2026-09-01T09:00:23,7.4
2026-09-01T09:00:24,8.3
2026-09-01T09:00:25,8.4
2026-09-01T09:00:26,7.3
2026-09-01T09:00:27,9.7
2026-09-01T09:00:28,8.6
2026-09-01T09:00:29,9.2
2026-09-01T09:00:30,7.4
2026-09-01T09:00:31,7.3
2026-09-01T09:00:32,7.7
2026-09-01T09:00:33,7.9
2026-09-01T09:00:34,8.6
2026-09-01T09:00:35,8.2
2026-09-01T09:00:36,7.6
2026-09-01T09:00:37,7.0
2026-09-01T09:00:38,7.5
2026-09-01T09:00:39,9.2
2026-09-01T09:00:40,7.2
2026-09-01T09:00:41,8.2
2026-09-01T09:00:42,8.4
2026-09-01T09:00:43,6.5
2026-09-01T09:00:44,8.0
2026-09-01T09:00:45,9.3
2026-09-01T09:00:46,6.0
2026-09-01T09:00:47,7.7
2026-09-01T09:00:48,7.9
2026-09-01T09:00:49,7.2
2026-09-01T09:00:50,8.5
2026-09-01T09:00:51,7.9
2026-09-01T09:00:52,6.5
2026-09-01T09:00:53,8.8
2026-09-01T09:00:54,8.7
2026-09-01T09:00:55,8.9
2026-09-01T09:00:56,9.4
2026-09-01T09:00:57,8.4
2026-09-01T09:00:58,8.1
2026-09-01T09:00:59,6.7
2026-09-01T09:01:00,8.6
2026-09-01T09:01:01,7.4
2026-09-01T09:01:02,7.5
2026-09-01T09:01:03,6.7
2026-09-01T09:01:04,7.0
2026-09-01T09:01:05,7.5
2026-09-01T09:01:06,9.3
2026-09-01T09:01:07,6.0
2026-09-01T09:01:08,6.5
2026-09-01T09:01:09,8.2
2026-09-01T09:01:10,9.4
2026-09-01T09:01:11,8.6
2026-09-01T09:01:12,6.1
2026-09-01T09:01:13,5.5
2026-09-01T09:01:14,8.4
2026-09-01T09:01:15,7.3
2026-09-01T09:01:16,6.9
2026-09-01T09:01:17,9.0
2026-09-01T09:01:18,9.1
2026-09-01T09:01:19,8.2
2026-09-01T09:01:20,8.2
2026-09-01T09:01:21,8.4
2026-09-01T09:01:22,9.6
2026-09-01T09:01:23,8.6
2026-09-01T09:01:24,8.5
2026-09-01T09:01:25,8.5
2026-09-01T09:01:26,6.4
2026-09-01T09:01:27,9.3
2026-09-01T09:01:28,9.0
2026-09-01T09:01:29,8.5
2026-09-01T09:01:30,6.0
2026-09-01T09:01:31,7.4
2026-09-01T09:01:32,8.8
2026-09-01T09:01:33,6.2
2026-09-01T09:01:34,7.8
2026-09-01T09:01:35,9.0
2026-09-01T09:01:36,6.7
2026-09-01T09:01:37,9.6
2026-09-01T09:01:38,8.6
2026-09-01T09:01:39,7.8
2026-09-01T09:01:40,8.3
2026-09-01T09:01:41,8.6
2026-09-01T09:01:42,8.1
2026-09-01T09:01:43,9.1
2026-09-01T09:01:44,7.3
2026-09-01T09:01:45,7.6
2026-09-01T09:01:46,9.0
2026-09-01T09:01:47,8.0
2026-09-01T09:01:48,7.1
2026-09-01T09:01:49,8.9
2026-09-01T09:01:50,9.5
2026-09-01T09:01:51,7.6
2026-09-01T09:01:52,6.6
2026-09-01T09:01:53,7.9
2026-09-01T09:01:54,7.9
2026-09-01T09:01:55,7.7
2026-09-01T09:01:56,9.4
2026-09-01T09:01:57,7.0
2026-09-01T09:01:58,9.3
2026-09-01T09:01:59,6.7
2026-09-01T09:02:00,2052.8
2026-09-01T09:02:01,2137.9
2026-09-01T09:02:02,2167.7
2026-09-01T09:02:03,2151.5
2026-09-01T09:02:04,2120.7
2026-09-01T09:02:05,2108.5
2026-09-01T09:02:06,2109.1
2026-09-01T09:02:07,2134.5
2026-09-01T09:02:08,2089.4
2026-09-01T09:02:09,2116.6
2026-09-01T09:02:10,2134.4
2026-09-01T09:02:11,2100.1
2026-09-01T09:02:12,2145.8
2026-09-01T09:02:13,2134.0
2026-09-01T09:02:14,2220.6
2026-09-01T09:02:15,2119.5
2026-09-01T09:02:16,2074.3
2026-09-01T09:02:17,2077.6
2026-09-01T09:02:18,2099.2
2026-09-01T09:02:19,2155.4
2026-09-01T09:02:20,2079.8
2026-09-01T09:02:21,2123.1
2026-09-01T09:02:22,2210.2
2026-09-01T09:02:23,1946.1
2026-09-01T09:02:24,2032.6
2026-09-01T09:02:25,2114.6
2026-09-01T09:02:26,2123.9
2026-09-01T09:02:27,2114.3
2026-09-01T09:02:28,2074.1
2026-09-01T09:02:29,2139.3
2026-09-01T09:02:30,2116.9
2026-09-01T09:02:31,2068.7
2026-09-01T09:02:32,2245.8
2026-09-01T09:02:33,2121.3
2026-09-01T09:02:34,2066.7
2026-09-01T09:02:35,2094.0
2026-09-01T09:02:36,2086.5
2026-09-01T09:02:37,2096.2
2026-09-01T09:02:38,1936.3
2026-09-01T09:02:39,2070.8
2026-09-01T09:02:40,2160.5
2026-09-01T09:02:41,2029.9
2026-09-01T09:02:42,2096.0
2026-09-01T09:02:43,2157.2
2026-09-01T09:02:44,2151.4
2026-09-01T09:02:45,2189.5
2026-09-01T09:02:46,1997.9
2026-09-01T09:02:47,2078.8
2026-09-01T09:02:48,2079.5
2026-09-01T09:02:49,2137.4
2026-09-01T09:02:50,2165.5
2026-09-01T09:02:51,1939.0
2026-09-01T09:02:52,2165.3
2026-09-01T09:02:53,2013.1
2026-09-01T09:02:54,2141.0
2026-09-01T09:02:55,2010.5
2026-09-01T09:02:56,2110.6
2026-09-01T09:02:57,2171.7
2026-09-01T09:02:58,2091.0
2026-09-01T09:02:59,2111.5
2026-09-01T09:03:00,2147.8
2026-09-01T09:03:01,2108.5
2026-09-01T09:03:02,2094.7
2026-09-01T09:03:03,2192.0
2026-09-01T09:03:04,2162.9
2026-09-01T09:03:05,2082.4
2026-09-01T09:03:06,2264.7
2026-09-01T09:03:07,2031.2
2026-09-01T09:03:08,2154.9
2026-09-01T09:03:09,2084.1
2026-09-01T09:03:10,2107.9
2026-09-01T09:03:11,2142.3
2026-09-01T09:03:12,2113.3
2026-09-01T09:03:13,2138.3
2026-09-01T09:03:14,2008.4
2026-09-01T09:03:15,2009.4
2026-09-01T09:03:16,2136.9
2026-09-01T09:03:17,2042.2
2026-09-01T09:03:18,2038.4
2026-09-01T09:03:19,2011.8
2026-09-01T09:03:20,2176.0
2026-09-01T09:03:21,2144.8
2026-09-01T09:03:22,2188.4
2026-09-01T09:03:23,2043.7
2026-09-01T09:03:24,2100.1
2026-09-01T09:03:25,2031.6
2026-09-01T09:03:26,2146.0
2026-09-01T09:03:27,2195.4
2026-09-01T09:03:28,2046.6
2026-09-01T09:03:29,2193.6
2026-09-01T09:03:30,2159.3
2026-09-01T09:03:31,2089.3
2026-09-01T09:03:32,1981.7
2026-09-01T09:03:33,2184.4
2026-09-01T09:03:34,2094.2
2026-09-01T09:03:35,2063.8
2026-09-01T09:03:36,2124.0
2026-09-01T09:03:37,2124.6
2026-09-01T09:03:38,2189.9
2026-09-01T09:03:39,2038.8
2026-09-01T09:03:40,2168.2
2026-09-01T09:03:41,2189.2
2026-09-01T09:03:42,2187.1
2026-09-01T09:03:43,2089.2
2026-09-01T09:03:44,2055.4
2026-09-01T09:03:45,2161.1
2026-09-01T09:03:46,2106.9
2026-09-01T09:03:47,2107.5
2026-09-01T09:03:48,2185.5
2026-09-01T09:03:49,2084.2
2026-09-01T09:03:50,1962.2
2026-09-01T09:03:51,2076.8
2026-09-01T09:03:52,1988.8
2026-09-01T09:03:53,2149.1
2026-09-01T09:03:54,2119.0
2026-09-01T09:03:55,2063.3
2026-09-01T09:03:56,2099.4
2026-09-01T09:03:57,2150.0
2026-09-01T09:03:58,2104.7
2026-09-01T09:03:59,2179.6
2026-09-01T09:04:00,2096.3
2026-09-01T09:04:01,2162.4
2026-09-01T09:04:02,2189.5
2026-09-01T09:04:03,2196.6
2026-09-01T09:04:04,2059.7
2026-09-01T09:04:05,2152.8
2026-09-01T09:04:06,1987.4
2026-09-01T09:04:07,2035.0
2026-09-01T09:04:08,1982.2
2026-09-01T09:04:09,2164.1
2026-09-01T09:04:10,2026.1
2026-09-01T09:04:11,2099.2
2026-09-01T09:04:12,2088.5
2026-09-01T09:04:13,2098.3
2026-09-01T09:04:14,2064.5
2026-09-01T09:04:15,2114.0
2026-09-01T09:04:16,2207.5
2026-09-01T09:04:17,2102.7
2026-09-01T09:04:18,2131.9
2026-09-01T09:04:19,2160.0
2026-09-01T09:04:20,2088.1
2026-09-01T09:04:21,2024.4
2026-09-01T09:04:22,2066.7
2026-09-01T09:04:23,2164.4
2026-09-01T09:04:24,2001.2
2026-09-01T09:04:25,2064.1
2026-09-01T09:04:26,2160.4
2026-09-01T09:04:27,2147.6
2026-09-01T09:04:28,2100.5
2026-09-01T09:04:29,2148.3
2026-09-01T09:04:30,2110.0
2026-09-01T09:04:31,2029.3
2026-09-01T09:04:32,2006.2
2026-09-01T09:04:33,2061.7
2026-09-01T09:04:34,2155.4
2026-09-01T09:04:35,2066.1
2026-09-01T09:04:36,2045.9
2026-09-01T09:04:37,2053.7
2026-09-01T09:04:38,2008.1
2026-09-01T09:04:39,2093.0
2026-09-01T09:04:40,2029.2
2026-09-01T09:04:41,2121.8
2026-09-01T09:04:42,1958.4
2026-09-01T09:04:43,2119.7
2026-09-01T09:04:44,2061.5
2026-09-01T09:04:45,1983.5
2026-09-01T09:04:46,2143.5
2026-09-01T09:04:47,2083.5
2026-09-01T09:04:48,1966.2
2026-09-01T09:04:49,2047.5
2026-09-01T09:04:50,2117.5
2026-09-01T09:04:51,2072.5
2026-09-01T09:04:52,2146.8
2026-09-01T09:04:53,2144.9
2026-09-01T09:04:54,2140.0
2026-09-01T09:04:55,2119.6
2026-09-01T09:04:56,2180.0
2026-09-01T09:04:57,2139.6
2026-09-01T09:04:58,2127.1
2026-09-01T09:04:59,1975.0
2026-09-01T09:05:00,2153.8
2026-09-01T09:05:01,2178.6
2026-09-01T09:05:02,2082.2
2026-09-01T09:05:03,2071.8
2026-09-01T09:05:04,2216.4
2026-09-01T09:05:05,1994.5
2026-09-01T09:05:06,2128.1
2026-09-01T09:05:07,2245.4
2026-09-01T09:05:08,2044.3
2026-09-01T09:05:09,2141.4
2026-09-01T09:05:10,2213.2
2026-09-01T09:05:11,2092.8
2026-09-01T09:05:12,2133.7
2026-09-01T09:05:13,2154.2
2026-09-01T09:05:14,2045.7
2026-09-01T09:05:15,2094.7
2026-09-01T09:05:16,2117.6
2026-09-01T09:05:17,2149.5
2026-09-01T09:05:18,2097.9
2026-09-01T09:05:19,2088.3
2026-09-01T09:05:20,2039.0
2026-09-01T09:05:21,2078.5
2026-09-01T09:05:22,2153.5
2026-09-01T09:05:23,2106.1
2026-09-01T09:05:24,2048.8
2026-09-01T09:05:25,2049.5
2026-09-01T09:05:26,2260.0
2026-09-01T09:05:27,2168.4
2026-09-01T09:05:28,2138.2
2026-09-01T09:05:29,1944.4
2026-09-01T09:05:30,2137.3
2026-09-01T09:05:31,2128.8
2026-09-01T09:05:32,2201.0
2026-09-01T09:05:33,2125.7
2026-09-01T09:05:34,2096.0
2026-09-01T09:05:35,2131.3
2026-09-01T09:05:36,1983.3
2026-09-01T09:05:37,2162.0
2026-09-01T09:05:38,2119.5
2026-09-01T09:05:39,2057.9
2026-09-01T09:05:40,2179.5
2026-09-01T09:05:41,2208.6
2026-09-01T09:05:42,2015.9
2026-09-01T09:05:43,2060.0
2026-09-01T09:05:44,2117.5
2026-09-01T09:05:45,2111.0
2026-09-01T09:05:46,2076.1
2026-09-01T09:05:47,2041.5
2026-09-01T09:05:48,2227.2
2026-09-01T09:05:49,2162.2
2026-09-01T09:05:50,2028.3
2026-09-01T09:05:51,2019.3
2026-09-01T09:05:52,2202.2
2026-09-01T09:05:53,2159.3
2026-09-01T09:05:54,2209.3
2026-09-01T09:05:55,2148.6
2026-09-01T09:05:56,2047.7
2026-09-01T09:05:57,2115.6
2026-09-01T09:05:58,1970.4
2026-09-01T09:05:59,2055.1
2026-09-01T09:06:00,417.5
2026-09-01T09:06:01,436.8
2026-09-01T09:06:02,382.7
2026-09-01T09:06:03,402.8
2026-09-01T09:06:04,422.0
2026-09-01T09:06:05,414.7
2026-09-01T09:06:06,421.1
2026-09-01T09:06:07,399.8
2026-09-01T09:06:08,374.4
2026-09-01T09:06:09,414.8
2026-09-01T09:06:10,381.0
2026-09-01T09:06:11,341.9
2026-09-01T09:06:12,345.7
2026-09-01T09:06:13,366.6
2026-09-01T09:06:14,358.1
2026-09-01T09:06:15,364.6
2026-09-01T09:06:16,354.1
2026-09-01T09:06:17,357.1
2026-09-01T09:06:18,348.8
2026-09-01T09:06:19,308.0
2026-09-01T09:06:20,379.4
2026-09-01T09:06:21,408.8
2026-09-01T09:06:22,388.2
2026-09-01T09:06:23,367.4
2026-09-01T09:06:24,397.0
2026-09-01T09:06:25,344.6
2026-09-01T09:06:26,311.5
2026-09-01T09:06:27,393.9
2026-09-01T09:06:28,358.4
2026-09-01T09:06:29,429.3
2026-09-01T09:06:30,360.4
2026-09-01T09:06:31,302.7
2026-09-01T09:06:32,370.3
2026-09-01T09:06:33,479.0
2026-09-01T09:06:34,404.7
2026-09-01T09:06:35,369.1
2026-09-01T09:06:36,397.4
2026-09-01T09:06:37,452.7
2026-09-01T09:06:38,455.6
2026-09-01T09:06:39,446.7
2026-09-01T09:06:40,502.9
2026-09-01T09:06:41,475.6
2026-09-01T09:06:42,450.4
2026-09-01T09:06:43,478.9
2026-09-01T09:06:44,525.0
2026-09-01T09:06:45,501.4
2026-09-01T09:06:46,507.2
2026-09-01T09:06:47,426.6
2026-09-01T09:06:48,467.6
2026-09-01T09:06:49,506.3
2026-09-01T09:06:50,468.8
2026-09-01T09:06:51,527.0
2026-09-01T09:06:52,511.6
2026-09-01T09:06:53,527.5
2026-09-01T09:06:54,486.1
2026-09-01T09:06:55,599.8
2026-09-01T09:06:56,550.9
2026-09-01T09:06:57,496.0
2026-09-01T09:06:58,511.5
2026-09-01T09:06:59,614.9
2026-09-01T09:07:00,500.5
2026-09-01T09:07:01,552.3
2026-09-01T09:07:02,559.7
2026-09-01T09:07:03,523.7
2026-09-01T09:07:04,479.8
2026-09-01T09:07:05,536.9
2026-09-01T09:07:06,546.6
2026-09-01T09:07:07,580.3
2026-09-01T09:07:08,569.2
2026-09-01T09:07:09,541.5
2026-09-01T09:07:10,577.4
2026-09-01T09:07:11,567.4
2026-09-01T09:07:12,556.7
2026-09-01T09:07:13,553.1
2026-09-01T09:07:14,543.6
2026-09-01T09:07:15,583.2
2026-09-01T09:07:16,515.9
2026-09-01T09:07:17,535.2
2026-09-01T09:07:18,562.8
2026-09-01T09:07:19,506.2
2026-09-01T09:07:20,549.4
2026-09-01T09:07:21,488.6
2026-09-01T09:07:22,543.6
2026-09-01T09:07:23,595.6
2026-09-01T09:07:24,597.3
2026-09-01T09:07:25,574.3
2026-09-01T09:07:26,568.9
2026-09-01T09:07:27,523.2
2026-09-01T09:07:28,654.6
2026-09-01T09:07:29,603.7
2026-09-01T09:07:30,628.2
2026-09-01T09:07:31,550.6
2026-09-01T09:07:32,579.8
2026-09-01T09:07:33,515.8
2026-09-01T09:07:34,621.0
2026-09-01T09:07:35,628.3
2026-09-01T09:07:36,516.1
2026-09-01T09:07:37,590.9
2026-09-01T09:07:38,619.2
2026-09-01T09:07:39,524.3
2026-09-01T09:07:40,522.6
2026-09-01T09:07:41,553.8
2026-09-01T09:07:42,571.9
2026-09-01T09:07:43,541.5
2026-09-01T09:07:44,599.4
2026-09-01T09:07:45,608.6
2026-09-01T09:07:46,624.4
2026-09-01T09:07:47,627.5
2026-09-01T09:07:48,659.7
2026-09-01T09:07:49,646.4
2026-09-01T09:07:50,547.5
2026-09-01T09:07:51,579.8
2026-09-01T09:07:52,557.6
2026-09-01T09:07:53,556.8
2026-09-01T09:07:54,596.5
2026-09-01T09:07:55,599.7
2026-09-01T09:07:56,618.8
2026-09-01T09:07:57,535.4
2026-09-01T09:07:58,548.9
2026-09-01T09:07:59,597.0
2026-09-01T09:08:00,589.4
2026-09-01T09:08:01,584.2
2026-09-01T09:08:02,593.5
2026-09-01T09:08:03,564.8
2026-09-01T09:08:04,622.4
2026-09-01T09:08:05,607.6
2026-09-01T09:08:06,589.0
2026-09-01T09:08:07,564.5
2026-09-01T09:08:08,583.3
2026-09-01T09:08:09,480.3
2026-09-01T09:08:10,548.6
2026-09-01T09:08:11,588.1
2026-09-01T09:08:12,525.0
2026-09-01T09:08:13,591.7
2026-09-01T09:08:14,588.1
2026-09-01T09:08:15,525.6
2026-09-01T09:08:16,569.0
2026-09-01T09:08:17,564.8
2026-09-01T09:08:18,593.9
2026-09-01T09:08:19,598.2
2026-09-01T09:08:20,570.4
2026-09-01T09:08:21,535.8
2026-09-01T09:08:22,562.1
2026-09-01T09:08:23,563.2
2026-09-01T09:08:24,593.0
2026-09-01T09:08:25,573.2
2026-09-01T09:08:26,530.3
2026-09-01T09:08:27,502.7
2026-09-01T09:08:28,539.6
2026-09-01T09:08:29,522.5
2026-09-01T09:08:30,505.1
2026-09-01T09:08:31,542.4
2026-09-01T09:08:32,524.9
2026-09-01T09:08:33,546.1
2026-09-01T09:08:34,560.1
2026-09-01T09:08:35,519.9
2026-09-01T09:08:36,626.6
2026-09-01T09:08:37,517.9
2026-09-01T09:08:38,571.9
2026-09-01T09:08:39,529.8
2026-09-01T09:08:40,566.5
2026-09-01T09:08:41,423.8
2026-09-01T09:08:42,485.7
2026-09-01T09:08:43,522.5
2026-09-01T09:08:44,533.5
2026-09-01T09:08:45,599.6
2026-09-01T09:08:46,515.8
2026-09-01T09:08:47,550.8
2026-09-01T09:08:48,526.9
2026-09-01T09:08:49,530.7
2026-09-01T09:08:50,509.8
2026-09-01T09:08:51,479.7
2026-09-01T09:08:52,502.8
2026-09-01T09:08:53,435.7
2026-09-01T09:08:54,522.5
2026-09-01T09:08:55,430.9
2026-09-01T09:08:56,477.9
2026-09-01T09:08:57,549.1
2026-09-01T09:08:58,451.6
2026-09-01T09:08:59,457.6
2026-09-01T09:09:00,499.6
2026-09-01T09:09:01,450.3
2026-09-01T09:09:02,413.1
2026-09-01T09:09:03,451.8
2026-09-01T09:09:04,460.9
2026-09-01T09:09:05,462.1
2026-09-01T09:09:06,398.9
2026-09-01T09:09:07,495.9
2026-09-01T09:09:08,488.5
2026-09-01T09:09:09,418.6
2026-09-01T09:09:10,424.6
2026-09-01T09:09:11,392.6
2026-09-01T09:09:12,462.3
2026-09-01T09:09:13,373.5
2026-09-01T09:09:14,424.5
2026-09-01T09:09:15,374.3
2026-09-01T09:09:16,361.6
2026-09-01T09:09:17,414.0
2026-09-01T09:09:18,434.5
2026-09-01T09:09:19,376.6
2026-09-01T09:09:20,345.7
2026-09-01T09:09:21,401.1
2026-09-01T09:09:22,362.5
2026-09-01T09:09:23,372.8
2026-09-01T09:09:24,417.1
2026-09-01T09:09:25,397.3
2026-09-01T09:09:26,331.3
2026-09-01T09:09:27,447.6
2026-09-01T09:09:28,360.6
2026-09-01T09:09:29,396.1
2026-09-01T09:09:30,342.9
2026-09-01T09:09:31,371.2
2026-09-01T09:09:32,307.1
2026-09-01T09:09:33,452.7
2026-09-01T09:09:34,440.0
2026-09-01T09:09:35,340.9
2026-09-01T09:09:36,333.4
2026-09-01T09:09:37,332.8
2026-09-01T09:09:38,448.8
2026-09-01T09:09:39,387.4
2026-09-01T09:09:40,407.5
2026-09-01T09:09:41,401.4
2026-09-01T09:09:42,413.1
2026-09-01T09:09:43,378.4
2026-09-01T09:09:44,426.9
2026-09-01T09:09:45,372.4
2026-09-01T09:09:46,431.0
2026-09-01T09:09:47,450.1
2026-09-01T09:09:48,460.3
2026-09-01T09:09:49,436.2
2026-09-01T09:09:50,413.2
2026-09-01T09:09:51,459.5
2026-09-01T09:09:52,437.5
2026-09-01T09:09:53,523.3
2026-09-01T09:09:54,495.1
2026-09-01T09:09:55,463.5
2026-09-01T09:09:56,452.9
2026-09-01T09:09:57,447.2
2026-09-01T09:09:58,441.4
2026-09-01T09:09:59,468.4
2026-09-01T09:10:00,497.8
2026-09-01T09:10:01,510.1
2026-09-01T09:10:02,515.7
2026-09-01T09:10:03,580.3
2026-09-01T09:10:04,471.5
2026-09-01T09:10:05,503.5
2026-09-01T09:10:06,618.1
2026-09-01T09:10:07,434.8
2026-09-01T09:10:08,491.8
2026-09-01T09:10:09,522.6
2026-09-01T09:10:10,525.1
2026-09-01T09:10:11,538.3
2026-09-01T09:10:12,515.4
2026-09-01T09:10:13,542.6
2026-09-01T09:10:14,532.9
2026-09-01T09:10:15,564.5
2026-09-01T09:10:16,460.8
2026-09-01T09:10:17,503.8
2026-09-01T09:10:18,541.8
2026-09-01T09:10:19,503.3
2026-09-01T09:10:20,505.4
2026-09-01T09:10:21,574.8
2026-09-01T09:10:22,526.2
2026-09-01T09:10:23,580.0
2026-09-01T09:10:24,586.8
2026-09-01T09:10:25,571.5
2026-09-01T09:10:26,581.8
2026-09-01T09:10:27,559.5
2026-09-01T09:10:28,509.5
2026-09-01T09:10:29,566.7
2026-09-01T09:10:30,588.1
2026-09-01T09:10:31,550.7
2026-09-01T09:10:32,569.8
2026-09-01T09:10:33,605.6
2026-09-01T09:10:34,542.2
2026-09-01T09:10:35,604.7
2026-09-01T09:10:36,655.2
2026-09-01T09:10:37,560.1
2026-09-01T09:10:38,589.6
2026-09-01T09:10:39,579.2
2026-09-01T09:10:40,648.2
2026-09-01T09:10:41,600.6
2026-09-01T09:10:42,625.1
2026-09-01T09:10:43,562.7
2026-09-01T09:10:44,590.8
2026-09-01T09:10:45,592.1
2026-09-01T09:10:46,522.4
2026-09-01T09:10:47,652.0
2026-09-01T09:10:48,631.2
2026-09-01T09:10:49,526.0
2026-09-01T09:10:50,626.5
2026-09-01T09:10:51,592.1
2026-09-01T09:10:52,615.9
2026-09-01T09:10:53,613.1
2026-09-01T09:10:54,538.9
2026-09-01T09:10:55,590.7
2026-09-01T09:10:56,659.2
2026-09-01T09:10:57,576.7
2026-09-01T09:10:58,559.0
2026-09-01T09:10:59,545.6
2026-09-01T09:11:00,551.2
2026-09-01T09:11:01,613.4
2026-09-01T09:11:02,667.5
2026-09-01T09:11:03,616.8
2026-09-01T09:11:04,609.2
2026-09-01T09:11:05,688.4
2026-09-01T09:11:06,577.9
2026-09-01T09:11:07,571.2
2026-09-01T09:11:08,618.8
2026-09-01T09:11:09,619.0
2026-09-01T09:11:10,555.8
2026-09-01T09:11:11,548.8
2026-09-01T09:11:12,606.4
2026-09-01T09:11:13,603.8
2026-09-01T09:11:14,540.7
2026-09-01T09:11:15,583.9
2026-09-01T09:11:16,569.2
2026-09-01T09:11:17,608.1
2026-09-01T09:11:18,583.8
2026-09-01T09:11:19,583.8
2026-09-01T09:11:20,571.7
2026-09-01T09:11:21,626.6
2026-09-01T09:11:22,638.6
2026-09-01T09:11:23,566.8
2026-09-01T09:11:24,613.7
2026-09-01T09:11:25,547.9
2026-09-01T09:11:26,579.3
2026-09-01T09:11:27,604.6
2026-09-01T09:11:28,633.3
2026-09-01T09:11:29,555.5
2026-09-01T09:11:30,565.9
2026-09-01T09:11:31,574.7
2026-09-01T09:11:32,504.8
2026-09-01T09:11:33,563.2
2026-09-01T09:11:34,533.3
2026-09-01T09:11:35,572.9
2026-09-01T09:11:36,510.5
2026-09-01T09:11:37,474.2
2026-09-01T09:11:38,552.4
2026-09-01T09:11:39,558.8
2026-09-01T09:11:40,523.8
2026-09-01T09:11:41,578.7
2026-09-01T09:11:42,529.6
2026-09-01T09:11:43,513.5
2026-09-01T09:11:44,554.1
2026-09-01T09:11:45,469.4
2026-09-01T09:11:46,502.2
2026-09-01T09:11:47,525.5
2026-09-01T09:11:48,557.3
2026-09-01T09:11:49,513.8
2026-09-01T09:11:50,529.6
2026-09-01T09:11:51,487.9
2026-09-01T09:11:52,523.1
2026-09-01T09:11:53,574.3
2026-09-01T09:11:54,477.1
2026-09-01T09:11:55,595.9
2026-09-01T09:11:56,472.1
2026-09-01T09:11:57,495.2
2026-09-01T09:11:58,498.0
2026-09-01T09:11:59,528.6
2026-09-01T09:12:00,434.7
2026-09-01T09:12:01,396.6
2026-09-01T09:12:02,501.3
2026-09-01T09:12:03,505.2
2026-09-01T09:12:04,494.7
2026-09-01T09:12:05,571.3
2026-09-01T09:12:06,470.6
2026-09-01T09:12:07,468.8
2026-09-01T09:12:08,492.1
2026-09-01T09:12:09,465.9
2026-09-01T09:12:10,513.8
2026-09-01T09:12:11,393.9
2026-09-01T09:12:12,424.5
2026-09-01T09:12:13,297.9
2026-09-01T09:12:14,464.2
2026-09-01T09:12:15,412.9
2026-09-01T09:12:16,460.8
2026-09-01T09:12:17,506.0
2026-09-01T09:12:18,415.6
2026-09-01T09:12:19,401.6
2026-09-01T09:12:20,387.8
2026-09-01T09:12:21,370.2
2026-09-01T09:12:22,374.4
2026-09-01T09:12:23,421.1
2026-09-01T09:12:24,392.9
2026-09-01T09:12:25,389.9
2026-09-01T09:12:26,376.2
2026-09-01T09:12:27,415.6
2026-09-01T09:12:28,394.6
2026-09-01T09:12:29,365.1
2026-09-01T09:12:30,393.2
2026-09-01T09:12:31,356.3
2026-09-01T09:12:32,312.1
2026-09-01T09:12:33,412.3
2026-09-01T09:12:34,368.7
2026-09-01T09:12:35,315.9
2026-09-01T09:12:36,401.6
2026-09-01T09:12:37,376.4
2026-09-01T09:12:38,304.2
2026-09-01T09:12:39,435.3
2026-09-01T09:12:40,388.4
2026-09-01T09:12:41,414.8
2026-09-01T09:12:42,391.2
2026-09-01T09:12:43,381.5
2026-09-01T09:12:44,329.6
2026-09-01T09:12:45,434.5
2026-09-01T09:12:46,400.9
2026-09-01T09:12:47,392.4
2026-09-01T09:12:48,421.9
2026-09-01T09:12:49,415.0
2026-09-01T09:12:50,443.0
2026-09-01T09:12:51,405.1
2026-09-01T09:12:52,422.5
2026-09-01T09:12:53,342.4
2026-09-01T09:12:54,414.9
2026-09-01T09:12:55,462.8
2026-09-01T09:12:56,493.2
2026-09-01T09:12:57,429.0
2026-09-01T09:12:58,442.6
2026-09-01T09:12:59,514.6
2026-09-01T09:13:00,442.0
2026-09-01T09:13:01,488.2
2026-09-01T09:13:02,529.7
2026-09-01T09:13:03,467.8
2026-09-01T09:13:04,519.0
2026-09-01T09:13:05,445.1
2026-09-01T09:13:06,485.5
2026-09-01T09:13:07,477.6
2026-09-01T09:13:08,488.9
2026-09-01T09:13:09,533.0
2026-09-01T09:13:10,586.8
2026-09-01T09:13:11,468.0
2026-09-01T09:13:12,475.0
2026-09-01T09:13:13,521.3
2026-09-01T09:13:14,462.4
2026-09-01T09:13:15,527.8
2026-09-01T09:13:16,534.0
2026-09-01T09:13:17,503.2
2026-09-01T09:13:18,538.6
2026-09-01T09:13:19,458.5
2026-09-01T09:13:20,553.9
2026-09-01T09:13:21,464.7
2026-09-01T09:13:22,501.5
2026-09-01T09:13:23,510.0
2026-09-01T09:13:24,519.0
2026-09-01T09:13:25,572.2
2026-09-01T09:13:26,543.9
2026-09-01T09:13:27,527.4
2026-09-01T09:13:28,567.6
2026-09-01T09:13:29,611.7
2026-09-01T09:13:30,551.2
2026-09-01T09:13:31,568.0
2026-09-01T09:13:32,605.4
2026-09-01T09:13:33,568.8
2026-09-01T09:13:34,509.1
2026-09-01T09:13:35,662.2
2026-09-01T09:13:36,653.1
2026-09-01T09:13:37,487.5
2026-09-01T09:13:38,567.4
2026-09-01T09:13:39,587.6
2026-09-01T09:13:40,611.5
2026-09-01T09:13:41,601.5
2026-09-01T09:13:42,565.6
2026-09-01T09:13:43,536.1
2026-09-01T09:13:44,584.0
2026-09-01T09:13:45,622.8
2026-09-01T09:13:46,539.5
2026-09-01T09:13:47,543.4
2026-09-01T09:13:48,584.9
2026-09-01T09:13:49,509.8
2026-09-01T09:13:50,578.1
2026-09-01T09:13:51,572.3
2026-09-01T09:13:52,608.9
2026-09-01T09:13:53,563.9
2026-09-01T09:13:54,557.7
2026-09-01T09:13:55,578.2
2026-09-01T09:13:56,592.8
2026-09-01T09:13:57,569.0
2026-09-01T09:13:58,596.9
2026-09-01T09:13:59,627.1
2026-09-01T09:14:00,645.1
2026-09-01T09:14:01,666.4
2026-09-01T09:14:02,567.3
2026-09-01T09:14:03,582.3
2026-09-01T09:14:04,500.1
2026-09-01T09:14:05,675.6
2026-09-01T09:14:06,570.8
2026-09-01T09:14:07,598.6
2026-09-01T09:14:08,620.9
2026-09-01T09:14:09,545.6
2026-09-01T09:14:10,618.4
2026-09-01T09:14:11,598.7
2026-09-01T09:14:12,526.5
2026-09-01T09:14:13,610.9
2026-09-01T09:14:14,646.6
2026-09-01T09:14:15,523.7
2026-09-01T09:14:16,630.2
2026-09-01T09:14:17,605.7
2026-09-01T09:14:18,615.7
2026-09-01T09:14:19,613.6
2026-09-01T09:14:20,647.4
2026-09-01T09:14:21,585.4
2026-09-01T09:14:22,628.4
2026-09-01T09:14:23,576.1
2026-09-01T09:14:24,620.5
2026-09-01T09:14:25,557.7
2026-09-01T09:14:26,584.8
2026-09-01T09:14:27,657.1
2026-09-01T09:14:28,604.4
2026-09-01T09:14:29,578.8
2026-09-01T09:14:30,537.9
2026-09-01T09:14:31,550.6
2026-09-01T09:14:32,588.4
2026-09-01T09:14:33,616.6
2026-09-01T09:14:34,594.3
2026-09-01T09:14:35,596.5
2026-09-01T09:14:36,572.0
2026-09-01T09:14:37,625.9
2026-09-01T09:14:38,554.2
2026-09-01T09:14:39,545.9
2026-09-01T09:14:40,601.3
2026-09-01T09:14:41,566.2
2026-09-01T09:14:42,550.3
2026-09-01T09:14:43,536.1
2026-09-01T09:14:44,546.6
2026-09-01T09:14:45,579.4
2026-09-01T09:14:46,566.2
2026-09-01T09:14:47,501.2
2026-09-01T09:14:48,564.1
2026-09-01T09:14:49,551.6
2026-09-01T09:14:50,501.8
2026-09-01T09:14:51,570.0
2026-09-01T09:14:52,525.2
2026-09-01T09:14:53,520.2
2026-09-01T09:14:54,562.6
2026-09-01T09:14:55,580.6
2026-09-01T09:14:56,497.3
2026-09-01T09:14:57,539.4
2026-09-01T09:14:58,483.8
2026-09-01T09:14:59,608.3
2026-09-01T09:15:00,492.8
2026-09-01T09:15:01,557.2
2026-09-01T09:15:02,480.3
2026-09-01T09:15:03,535.3
2026-09-01T09:15:04,588.3
2026-09-01T09:15:05,394.6
2026-09-01T09:15:06,475.4
2026-09-01T09:15:07,509.4
2026-09-01T09:15:08,482.2
2026-09-01T09:15:09,455.6
2026-09-01T09:15:10,564.9
2026-09-01T09:15:11,478.4
2026-09-01T09:15:12,405.8
2026-09-01T09:15:13,502.1
2026-09-01T09:15:14,395.4
2026-09-01T09:15:15,506.6
2026-09-01T09:15:16,433.7
2026-09-01T09:15:17,458.8
2026-09-01T09:15:18,499.6
2026-09-01T09:15:19,450.1
2026-09-01T09:15:20,385.8
2026-09-01T09:15:21,369.8
2026-09-01T09:15:22,481.0
2026-09-01T09:15:23,459.4
2026-09-01T09:15:24,393.1
2026-09-01T09:15:25,456.2
2026-09-01T09:15:26,437.7
2026-09-01T09:15:27,439.7
2026-09-01T09:15:28,319.4
2026-09-01T09:15:29,393.6
2026-09-01T09:15:30,437.6
2026-09-01T09:15:31,426.9
2026-09-01T09:15:32,428.7
2026-09-01T09:15:33,291.0
2026-09-01T09:15:34,392.0
2026-09-01T09:15:35,400.8
2026-09-01T09:15:36,479.0
2026-09-01T09:15:37,334.6
2026-09-01T09:15:38,355.5
2026-09-01T09:15:39,365.9
2026-09-01T09:15:40,395.8
2026-09-01T09:15:41,338.4
2026-09-01T09:15:42,397.9
2026-09-01T09:15:43,320.7
2026-09-01T09:15:44,367.0
2026-09-01T09:15:45,339.4
2026-09-01T09:15:46,371.0
2026-09-01T09:15:47,341.2
2026-09-01T09:15:48,309.1
2026-09-01T09:15:49,420.8
2026-09-01T09:15:50,393.4
2026-09-01T09:15:51,363.0
2026-09-01T09:15:52,397.5
2026-09-01T09:15:53,433.2
2026-09-01T09:15:54,358.6
2026-09-01T09:15:55,397.4
2026-09-01T09:15:56,427.4
2026-09-01T09:15:57,431.0
2026-09-01T09:15:58,400.5
2026-09-01T09:15:59,333.7
2026-09-01T09:16:00,471.7
2026-09-01T09:16:01,439.1
2026-09-01T09:16:02,430.4
2026-09-01T09:16:03,422.7
2026-09-01T09:16:04,448.3
2026-09-01T09:16:05,424.6
2026-09-01T09:16:06,404.5
2026-09-01T09:16:07,419.8
2026-09-01T09:16:08,429.3
2026-09-01T09:16:09,432.5
2026-09-01T09:16:10,414.3
2026-09-01T09:16:11,489.9
2026-09-01T09:16:12,415.7
2026-09-01T09:16:13,498.2
2026-09-01T09:16:14,434.8
2026-09-01T09:16:15,493.1
2026-09-01T09:16:16,537.5
2026-09-01T09:16:17,494.2
2026-09-01T09:16:18,460.3
2026-09-01T09:16:19,494.9
2026-09-01T09:16:20,502.3
2026-09-01T09:16:21,430.4
2026-09-01T09:16:22,478.7
2026-09-01T09:16:23,512.8
2026-09-01T09:16:24,490.8
2026-09-01T09:16:25,515.9
2026-09-01T09:16:26,545.2
2026-09-01T09:16:27,549.6
2026-09-01T09:16:28,558.2
2026-09-01T09:16:29,548.5
2026-09-01T09:16:30,516.4
2026-09-01T09:16:31,530.1
2026-09-01T09:16:32,522.9
2026-09-01T09:16:33,524.0
2026-09-01T09:16:34,532.1
2026-09-01T09:16:35,473.0
2026-09-01T09:16:36,531.3
2026-09-01T09:16:37,546.2
2026-09-01T09:16:38,510.8
2026-09-01T09:16:39,551.2
2026-09-01T09:16:40,575.2
2026-09-01T09:16:41,550.4
2026-09-01T09:16:42,642.4
2026-09-01T09:16:43,457.3
2026-09-01T09:16:44,555.5
2026-09-01T09:16:45,492.8
2026-09-01T09:16:46,607.1
2026-09-01T09:16:47,676.1
2026-09-01T09:16:48,471.8
2026-09-01T09:16:49,578.9
2026-09-01T09:16:50,596.4
2026-09-01T09:16:51,565.3
2026-09-01T09:16:52,601.1
2026-09-01T09:16:53,491.0
2026-09-01T09:16:54,616.4
2026-09-01T09:16:55,598.7
2026-09-01T09:16:56,586.1
2026-09-01T09:16:57,563.1
2026-09-01T09:16:58,613.5
2026-09-01T09:16:59,569.8
2026-09-01T09:17:00,599.3
2026-09-01T09:17:01,571.1
2026-09-01T09:17:02,502.6
2026-09-01T09:17:03,592.2
2026-09-01T09:17:04,602.5
2026-09-01T09:17:05,625.4
2026-09-01T09:17:06,561.0
2026-09-01T09:17:07,595.4
2026-09-01T09:17:08,622.0
2026-09-01T09:17:09,603.7
2026-09-01T09:17:10,648.1
2026-09-01T09:17:11,678.5
2026-09-01T09:17:12,562.9
2026-09-01T09:17:13,522.7
2026-09-01T09:17:14,634.0
2026-09-01T09:17:15,661.1
2026-09-01T09:17:16,636.9
2026-09-01T09:17:17,632.6
2026-09-01T09:17:18,575.2
2026-09-01T09:17:19,571.3
2026-09-01T09:17:20,635.2
2026-09-01T09:17:21,562.9
2026-09-01T09:17:22,526.5
2026-09-01T09:17:23,558.7
2026-09-01T09:17:24,697.9
2026-09-01T09:17:25,674.6
2026-09-01T09:17:26,569.6
2026-09-01T09:17:27,567.2
2026-09-01T09:17:28,604.9
2026-09-01T09:17:29,564.8
2026-09-01T09:17:30,646.3
2026-09-01T09:17:31,589.8
2026-09-01T09:17:32,548.5
2026-09-01T09:17:33,643.2
2026-09-01T09:17:34,566.4
2026-09-01T09:17:35,597.3
2026-09-01T09:17:36,586.7
2026-09-01T09:17:37,573.3
2026-09-01T09:17:38,597.4
2026-09-01T09:17:39,555.3
2026-09-01T09:17:40,507.6
2026-09-01T09:17:41,491.5
2026-09-01T09:17:42,527.5
2026-09-01T09:17:43,546.1
2026-09-01T09:17:44,573.7
2026-09-01T09:17:45,575.0
2026-09-01T09:17:46,593.1
2026-09-01T09:17:47,573.6
2026-09-01T09:17:48,535.1
2026-09-01T09:17:49,536.3
2026-09-01T09:17:50,477.8
2026-09-01T09:17:51,553.5
2026-09-01T09:17:52,577.4
2026-09-01T09:17:53,576.9
2026-09-01T09:17:54,548.4
2026-09-01T09:17:55,543.9
2026-09-01T09:17:56,585.8
2026-09-01T09:17:57,546.4
2026-09-01T09:17:58,572.7
2026-09-01T09:17:59,563.8
2026-09-01T09:18:00,546.3
2026-09-01T09:18:01,587.2
2026-09-01T09:18:02,509.2
2026-09-01T09:18:03,514.9
2026-09-01T09:18:04,494.0
2026-09-01T09:18:05,491.5
2026-09-01T09:18:06,582.6
2026-09-01T09:18:07,587.6
2026-09-01T09:18:08,515.1
2026-09-01T09:18:09,533.7
2026-09-01T09:18:10,554.8
2026-09-01T09:18:11,536.8
2026-09-01T09:18:12,549.4
2026-09-01T09:18:13,447.4
2026-09-01T09:18:14,468.9
2026-09-01T09:18:15,509.2
2026-09-01T09:18:16,545.0
2026-09-01T09:18:17,488.3
2026-09-01T09:18:18,446.2
2026-09-01T09:18:19,462.8
2026-09-01T09:18:20,447.0
2026-09-01T09:18:21,435.4
2026-09-01T09:18:22,526.1
2026-09-01T09:18:23,437.4
2026-09-01T09:18:24,459.5
2026-09-01T09:18:25,541.4
2026-09-01T09:18:26,498.5
2026-09-01T09:18:27,460.7
2026-09-01T09:18:28,418.9
2026-09-01T09:18:29,455.9
2026-09-01T09:18:30,500.5
2026-09-01T09:18:31,456.6
2026-09-01T09:18:32,478.2
2026-09-01T09:18:33,427.7
2026-09-01T09:18:34,440.4
2026-09-01T09:18:35,407.7
2026-09-01T09:18:36,428.8
2026-09-01T09:18:37,459.7
2026-09-01T09:18:38,346.4
2026-09-01T09:18:39,397.1
2026-09-01T09:18:40,405.1
2026-09-01T09:18:41,368.5
2026-09-01T09:18:42,374.9
2026-09-01T09:18:43,414.6
2026-09-01T09:18:44,459.1
2026-09-01T09:18:45,400.0
2026-09-01T09:18:46,383.7
2026-09-01T09:18:47,304.5
2026-09-01T09:18:48,439.5
2026-09-01T09:18:49,361.3
2026-09-01T09:18:50,352.7
2026-09-01T09:18:51,305.4
2026-09-01T09:18:52,352.0
2026-09-01T09:18:53,314.6
2026-09-01T09:18:54,365.4
2026-09-01T09:18:55,385.4
2026-09-01T09:18:56,372.2
2026-09-01T09:18:57,386.3
2026-09-01T09:18:58,345.1
2026-09-01T09:18:59,440.5
2026-09-01T09:19:00,361.3
2026-09-01T09:19:01,318.9
2026-09-01T09:19:02,388.2
2026-09-01T09:19:03,369.2
2026-09-01T09:19:04,363.5
2026-09-01T09:19:05,393.7
2026-09-01T09:19:06,423.6
2026-09-01T09:19:07,368.7
2026-09-01T09:19:08,414.5
2026-09-01T09:19:09,481.1
2026-09-01T09:19:10,455.3
2026-09-01T09:19:11,425.8
2026-09-01T09:19:12,440.9
2026-09-01T09:19:13,434.9
2026-09-01T09:19:14,441.7
2026-09-01T09:19:15,476.8
2026-09-01T09:19:16,447.6
2026-09-01T09:19:17,358.9
2026-09-01T09:19:18,458.0
2026-09-01T09:19:19,427.0
2026-09-01T09:19:20,492.3
2026-09-01T09:19:21,445.5
2026-09-01T09:19:22,479.5
2026-09-01T09:19:23,564.3
2026-09-01T09:19:24,438.9
2026-09-01T09:19:25,439.3
2026-09-01T09:19:26,431.3
2026-09-01T09:19:27,395.5
2026-09-01T09:19:28,419.5
2026-09-01T09:19:29,512.6
2026-09-01T09:19:30,475.9
2026-09-01T09:19:31,430.0
2026-09-01T09:19:32,448.6
2026-09-01T09:19:33,535.8
2026-09-01T09:19:34,483.3
2026-09-01T09:19:35,502.7
2026-09-01T09:19:36,533.7
2026-09-01T09:19:37,577.8
2026-09-01T09:19:38,604.1
2026-09-01T09:19:39,570.7
2026-09-01T09:19:40,538.0
2026-09-01T09:19:41,542.5
2026-09-01T09:19:42,610.0
2026-09-01T09:19:43,597.8
2026-09-01T09:19:44,530.9
2026-09-01T09:19:45,564.2
2026-09-01T09:19:46,559.9
2026-09-01T09:19:47,553.1
2026-09-01T09:19:48,533.4
2026-09-01T09:19:49,502.8
2026-09-01T09:19:50,536.8
2026-09-01T09:19:51,498.7
2026-09-01T09:19:52,611.6
2026-09-01T09:19:53,586.3
2026-09-01T09:19:54,518.7
2026-09-01T09:19:55,624.8
2026-09-01T09:19:56,606.6
2026-09-01T09:19:57,496.5
2026-09-01T09:19:58,648.4
2026-09-01T09:19:59,608.9
2026-09-01T09:20:00,16.1
2026-09-01T09:20:01,9.5
2026-09-01T09:20:02,13.1
2026-09-01T09:20:03,12.8
2026-09-01T09:20:04,12.4
2026-09-01T09:20:05,12.3
2026-09-01T09:20:06,14.1
2026-09-01T09:20:07,9.0
2026-09-01T09:20:08,9.5
2026-09-01T09:20:09,9.2
2026-09-01T09:20:10,10.9
2026-09-01T09:20:11,10.8
2026-09-01T09:20:12,12.7
2026-09-01T09:20:13,12.5
2026-09-01T09:20:14,12.1
2026-09-01T09:20:15,10.6
2026-09-01T09:20:16,11.1
2026-09-01T09:20:17,13.9
2026-09-01T09:20:18,13.5
2026-09-01T09:20:19,12.2
2026-09-01T09:20:20,11.4
2026-09-01T09:20:21,15.1
2026-09-01T09:20:22,10.8
2026-09-01T09:20:23,13.3
2026-09-01T09:20:24,14.3
2026-09-01T09:20:25,11.5
2026-09-01T09:20:26,13.7
2026-09-01T09:20:27,9.8
2026-09-01T09:20:28,14.0
2026-09-01T09:20:29,12.4
2026-09-01T09:20:30,8.8
2026-09-01T09:20:31,13.3
2026-09-01T09:20:32,10.2
2026-09-01T09:20:33,14.6
2026-09-01T09:20:34,10.6
2026-09-01T09:20:35,11.7
2026-09-01T09:20:36,12.6
2026-09-01T09:20:37,11.3
2026-09-01T09:20:38,12.5
2026-09-01T09:20:39,10.9
2026-09-01T09:20:40,13.3
2026-09-01T09:20:41,12.0
2026-09-01T09:20:42,12.4
2026-09-01T09:20:43,6.5
2026-09-01T09:20:44,14.3
2026-09-01T09:20:45,12.1
2026-09-01T09:20:46,8.4
2026-09-01T09:20:47,12.2
2026-09-01T09:20:48,12.9
2026-09-01T09:20:49,14.1
2026-09-01T09:20:50,9.8
2026-09-01T09:20:51,15.1
2026-09-01T09:20:52,11.7
2026-09-01T09:20:53,16.8
2026-09-01T09:20:54,11.7
2026-09-01T09:20:55,13.4
2026-09-01T09:20:56,11.3
2026-09-01T09:20:57,9.8
2026-09-01T09:20:58,14.2
2026-09-01T09:20:59,13.8
2026-09-01T09:21:00,15.1
2026-09-01T09:21:01,13.7
2026-09-01T09:21:02,10.9
2026-09-01T09:21:03,8.7
2026-09-01T09:21:04,10.7
2026-09-01T09:21:05,10.6
2026-09-01T09:21:06,10.4
2026-09-01T09:21:07,13.2
2026-09-01T09:21:08,12.7
2026-09-01T09:21:09,11.5
2026-09-01T09:21:10,12.3
2026-09-01T09:21:11,11.7
2026-09-01T09:21:12,12.4
2026-09-01T09:21:13,13.5
2026-09-01T09:21:14,13.9
2026-09-01T09:21:15,10.6
2026-09-01T09:21:16,9.0
2026-09-01T09:21:17,14.9
2026-09-01T09:21:18,12.2
2026-09-01T09:21:19,14.2
2026-09-01T09:21:20,8.7
2026-09-01T09:21:21,11.3
2026-09-01T09:21:22,12.1
2026-09-01T09:21:23,9.1
2026-09-01T09:21:24,11.0
2026-09-01T09:21:25,13.4
2026-09-01T09:21:26,14.2
2026-09-01T09:21:27,15.2
2026-09-01T09:21:28,10.3
2026-09-01T09:21:29,9.2
2026-09-01T09:21:30,13.0
2026-09-01T09:21:31,13.9
2026-09-01T09:21:32,12.4
2026-09-01T09:21:33,9.4
2026-09-01T09:21:34,13.6
2026-09-01T09:21:35,13.6
2026-09-01T09:21:36,13.1
2026-09-01T09:21:37,11.0
2026-09-01T09:21:38,12.6
2026-09-01T09:21:39,13.6
2026-09-01T09:21:40,10.9
2026-09-01T09:21:41,8.3
2026-09-01T09:21:42,12.7
2026-09-01T09:21:43,13.0
2026-09-01T09:21:44,12.0
2026-09-01T09:21:45,13.8
2026-09-01T09:21:46,10.8
2026-09-01T09:21:47,11.8
2026-09-01T09:21:48,11.4
2026-09-01T09:21:49,13.1
2026-09-01T09:21:50,15.2
2026-09-01T09:21:51,11.5
2026-09-01T09:21:52,16.1
2026-09-01T09:21:53,15.1
2026-09-01T09:21:54,13.6
2026-09-01T09:21:55,13.2
2026-09-01T09:21:56,15.5
2026-09-01T09:21:57,11.6
2026-09-01T09:21:58,11.8
2026-09-01T09:21:59,9.9
2026-09-01T09:22:00,12.9
2026-09-01T09:22:01,14.7
2026-09-01T09:22:02,13.1
2026-09-01T09:22:03,12.8
2026-09-01T09:22:04,11.6
2026-09-01T09:22:05,12.3
2026-09-01T09:22:06,9.1
2026-09-01T09:22:07,14.1
2026-09-01T09:22:08,11.2
2026-09-01T09:22:09,9.8
2026-09-01T09:22:10,10.5
2026-09-01T09:22:11,10.4
2026-09-01T09:22:12,13.7
2026-09-01T09:22:13,14.1
2026-09-01T09:22:14,9.3
2026-09-01T09:22:15,13.9
2026-09-01T09:22:16,13.8
2026-09-01T09:22:17,10.8
2026-09-01T09:22:18,9.0
2026-09-01T09:22:19,10.5
2026-09-01T09:22:20,10.7
2026-09-01T09:22:21,12.7
2026-09-01T09:22:22,11.3
2026-09-01T09:22:23,7.9
2026-09-01T09:22:24,12.5
2026-09-01T09:22:25,8.9
2026-09-01T09:22:26,13.8
2026-09-01T09:22:27,9.6
2026-09-01T09:22:28,10.6
2026-09-01T09:22:29,10.3
2026-09-01T09:22:30,10.9
2026-09-01T09:22:31,14.6
2026-09-01T09:22:32,13.7
2026-09-01T09:22:33,13.2
2026-09-01T09:22:34,12.6
2026-09-01T09:22:35,8.9
2026-09-01T09:22:36,11.0
2026-09-01T09:22:37,10.9
2026-09-01T09:22:38,10.0
2026-09-01T09:22:39,13.0
2026-09-01T09:22:40,10.5
2026-09-01T09:22:41,10.6
2026-09-01T09:22:42,9.9
2026-09-01T09:22:43,7.9
2026-09-01T09:22:44,13.2
2026-09-01T09:22:45,14.7
2026-09-01T09:22:46,12.3
2026-09-01T09:22:47,10.0
2026-09-01T09:22:48,6.6
2026-09-01T09:22:49,12.3
2026-09-01T09:22:50,14.4
2026-09-01T09:22:51,12.6
2026-09-01T09:22:52,13.9
2026-09-01T09:22:53,15.0
2026-09-01T09:22:54,14.3
2026-09-01T09:22:55,11.1
2026-09-01T09:22:56,14.1
2026-09-01T09:22:57,13.6
2026-09-01T09:22:58,8.9
2026-09-01T09:22:59,11.2
2026-09-01T09:23:00,9.2
2026-09-01T09:23:01,11.8
2026-09-01T09:23:02,13.2
2026-09-01T09:23:03,9.9
2026-09-01T09:23:04,7.9
2026-09-01T09:23:05,14.6
2026-09-01T09:23:06,12.8
2026-09-01T09:23:07,14.9
2026-09-01T09:23:08,9.4
2026-09-01T09:23:09,14.1
2026-09-01T09:23:10,16.1
2026-09-01T09:23:11,16.0
2026-09-01T09:23:12,11.6
2026-09-01T09:23:13,12.5
2026-09-01T09:23:14,11.7
2026-09-01T09:23:15,14.0
2026-09-01T09:23:16,14.1
2026-09-01T09:23:17,12.2
2026-09-01T09:23:18,9.3
2026-09-01T09:23:19,13.5
2026-09-01T09:23:20,11.1
2026-09-01T09:23:21,13.3
2026-09-01T09:23:22,12.5
2026-09-01T09:23:23,15.2
2026-09-01T09:23:24,14.3
2026-09-01T09:23:25,11.1
2026-09-01T09:23:26,12.7
2026-09-01T09:23:27,15.5
2026-09-01T09:23:28,10.9
2026-09-01T09:23:29,12.9
2026-09-01T09:23:30,14.4
2026-09-01T09:23:31,14.5
2026-09-01T09:23:32,13.0
2026-09-01T09:23:33,9.4
2026-09-01T09:23:34,9.5
2026-09-01T09:23:35,12.5
2026-09-01T09:23:36,12.8
2026-09-01T09:23:37,17.1
2026-09-01T09:23:38,10.3
2026-09-01T09:23:39,14.3
2026-09-01T09:23:40,13.5
2026-09-01T09:23:41,8.7
2026-09-01T09:23:42,10.4
2026-09-01T09:23:43,12.3
2026-09-01T09:23:44,11.0
2026-09-01T09:23:45,11.7
2026-09-01T09:23:46,12.9
2026-09-01T09:23:47,10.4
2026-09-01T09:23:48,12.9
2026-09-01T09:23:49,10.7
2026-09-01T09:23:50,10.9
2026-09-01T09:23:51,13.1
2026-09-01T09:23:52,10.9
2026-09-01T09:23:53,12.6
2026-09-01T09:23:54,15.2
2026-09-01T09:23:55,12.1
2026-09-01T09:23:56,11.7
2026-09-01T09:23:57,13.5
2026-09-01T09:23:58,11.3
2026-09-01T09:23:59,14.2
2026-09-01T09:24:00,490.1
2026-09-01T09:24:01,633.8
2026-09-01T09:24:02,535.4
2026-09-01T09:24:03,504.8
2026-09-01T09:24:04,703.0
2026-09-01T09:24:05,486.5
2026-09-01T09:24:06,688.5
2026-09-01T09:24:07,594.5
2026-09-01T09:24:08,652.3
2026-09-01T09:24:09,452.6
2026-09-01T09:24:10,621.7
2026-09-01T09:24:11,637.9
2026-09-01T09:24:12,507.9
2026-09-01T09:24:13,503.3
2026-09-01T09:24:14,706.8
2026-09-01T09:24:15,521.8
2026-09-01T09:24:16,471.4
2026-09-01T09:24:17,452.9
2026-09-01T09:24:18,537.5
2026-09-01T09:24:19,527.2
2026-09-01T09:24:20,514.4
2026-09-01T09:24:21,637.7
2026-09-01T09:24:22,474.1
2026-09-01T09:24:23,538.9
2026-09-01T09:24:24,619.0
2026-09-01T09:24:25,423.5
2026-09-01T09:24:26,589.0
2026-09-01T09:24:27,655.0
2026-09-01T09:24:28,403.0
2026-09-01T09:24:29,426.9
2026-09-01T09:24:30,435.4
2026-09-01T09:24:31,375.0
2026-09-01T09:24:32,563.6
2026-09-01T09:24:33,383.9
2026-09-01T09:24:34,577.8
2026-09-01T09:24:35,660.0
2026-09-01T09:24:36,420.8
2026-09-01T09:24:37,531.3
2026-09-01T09:24:38,410.2
2026-09-01T09:24:39,633.4
2026-09-01T09:24:40,519.8
2026-09-01T09:24:41,565.7
2026-09-01T09:24:42,599.8
2026-09-01T09:24:43,647.9
2026-09-01T09:24:44,585.6
2026-09-01T09:24:45,624.1
2026-09-01T09:24:46,588.9
2026-09-01T09:24:47,651.8
2026-09-01T09:24:48,559.2
2026-09-01T09:24:49,668.7
2026-09-01T09:24:50,520.0
2026-09-01T09:24:51,646.5
2026-09-01T09:24:52,850.3
2026-09-01T09:24:53,715.0
2026-09-01T09:24:54,619.7
2026-09-01T09:24:55,753.0
2026-09-01T09:24:56,666.9
2026-09-01T09:24:57,624.9
2026-09-01T09:24:58,710.7
2026-09-01T09:24:59,841.2
2026-09-01T09:25:00,825.8
2026-09-01T09:25:01,800.2
2026-09-01T09:25:02,746.9
2026-09-01T09:25:03,747.8
2026-09-01T09:25:04,955.3
2026-09-01T09:25:05,880.1
2026-09-01T09:25:06,797.7
2026-09-01T09:25:07,718.3
2026-09-01T09:25:08,790.9
2026-09-01T09:25:09,1111.8
2026-09-01T09:25:10,835.2
2026-09-01T09:25:11,934.3
2026-09-01T09:25:12,970.5
2026-09-01T09:25:13,954.2
2026-09-01T09:25:14,957.7
2026-09-01T09:25:15,883.1
2026-09-01T09:25:16,921.8
2026-09-01T09:25:17,1153.8
2026-09-01T09:25:18,970.8
2026-09-01T09:25:19,1111.5
2026-09-01T09:25:20,920.7
2026-09-01T09:25:21,1046.5
2026-09-01T09:25:22,1101.3
2026-09-01T09:25:23,1175.1
2026-09-01T09:25:24,1014.0
2026-09-01T09:25:25,1162.8
2026-09-01T09:25:26,1157.1
2026-09-01T09:25:27,1078.1
2026-09-01T09:25:28,1185.9
2026-09-01T09:25:29,1086.2
2026-09-01T09:25:30,1104.4
2026-09-01T09:25:31,1176.3
2026-09-01T09:25:32,970.2
2026-09-01T09:25:33,1187.6
2026-09-01T09:25:34,1125.2
2026-09-01T09:25:35,1096.6
2026-09-01T09:25:36,1187.7
2026-09-01T09:25:37,1290.5
2026-09-01T09:25:38,1204.5
2026-09-01T09:25:39,1345.1
2026-09-01T09:25:40,1157.7
2026-09-01T09:25:41,1151.7
2026-09-01T09:25:42,1386.6
2026-09-01T09:25:43,1299.9
2026-09-01T09:25:44,1348.6
2026-09-01T09:25:45,1211.5
2026-09-01T09:25:46,1346.1
2026-09-01T09:25:47,1306.3
2026-09-01T09:25:48,1340.8
2026-09-01T09:25:49,1293.8
2026-09-01T09:25:50,1390.8
2026-09-01T09:25:51,1244.4
2026-09-01T09:25:52,1220.8
2026-09-01T09:25:53,1180.8
2026-09-01T09:25:54,1392.6
2026-09-01T09:25:55,1240.9
2026-09-01T09:25:56,1216.4
2026-09-01T09:25:57,1224.0
2026-09-01T09:25:58,1262.5
2026-09-01T09:25:59,1194.9
2026-09-01T09:26:00,1271.4
2026-09-01T09:26:01,1242.1
2026-09-01T09:26:02,1245.3
2026-09-01T09:26:03,1209.4
2026-09-01T09:26:04,1285.4
2026-09-01T09:26:05,1241.5
2026-09-01T09:26:06,1283.0
2026-09-01T09:26:07,1288.8
2026-09-01T09:26:08,1290.7
2026-09-01T09:26:09,1082.6
2026-09-01T09:26:10,1208.7
2026-09-01T09:26:11,1181.4
2026-09-01T09:26:12,1300.1
2026-09-01T09:26:13,1104.6
2026-09-01T09:26:14,1166.0
2026-09-01T09:26:15,1191.6
2026-09-01T09:26:16,1179.8
2026-09-01T09:26:17,1277.3
2026-09-01T09:26:18,1153.5
2026-09-01T09:26:19,1256.7
2026-09-01T09:26:20,1052.6
2026-09-01T09:26:21,1014.9
2026-09-01T09:26:22,1247.1
2026-09-01T09:26:23,1173.9
2026-09-01T09:26:24,1167.2
2026-09-01T09:26:25,1127.0
2026-09-01T09:26:26,1144.5
2026-09-01T09:26:27,997.0
2026-09-01T09:26:28,1158.4
2026-09-01T09:26:29,1028.0
2026-09-01T09:26:30,1137.2
2026-09-01T09:26:31,1053.1
2026-09-01T09:26:32,875.7
2026-09-01T09:26:33,917.9
2026-09-01T09:26:34,1098.4
2026-09-01T09:26:35,984.3
2026-09-01T09:26:36,950.6
2026-09-01T09:26:37,988.6
2026-09-01T09:26:38,922.0
2026-09-01T09:26:39,899.2
2026-09-01T09:26:40,937.7
2026-09-01T09:26:41,927.7
2026-09-01T09:26:42,1024.2
2026-09-01T09:26:43,893.1
2026-09-01T09:26:44,1026.6
2026-09-01T09:26:45,1007.1
2026-09-01T09:26:46,987.0
2026-09-01T09:26:47,921.4
2026-09-01T09:26:48,833.8
2026-09-01T09:26:49,821.2
2026-09-01T09:26:50,785.9
2026-09-01T09:26:51,726.0
2026-09-01T09:26:52,766.5
2026-09-01T09:26:53,708.0
2026-09-01T09:26:54,878.0
2026-09-01T09:26:55,777.4
2026-09-01T09:26:56,686.8
2026-09-01T09:26:57,557.5
2026-09-01T09:26:58,694.8
2026-09-01T09:26:59,654.4
2026-09-01T09:27:00,589.6
2026-09-01T09:27:01,574.6
2026-09-01T09:27:02,474.9
2026-09-01T09:27:03,690.0
2026-09-01T09:27:04,629.1
2026-09-01T09:27:05,831.0
2026-09-01T09:27:06,612.6
2026-09-01T09:27:07,594.0
2026-09-01T09:27:08,712.5
2026-09-01T09:27:09,599.2
2026-09-01T09:27:10,593.6
2026-09-01T09:27:11,542.7
2026-09-01T09:27:12,516.5
2026-09-01T09:27:13,677.8
2026-09-01T09:27:14,631.2
2026-09-01T09:27:15,682.1
2026-09-01T09:27:16,510.9
2026-09-01T09:27:17,535.8
2026-09-01T09:27:18,457.8
2026-09-01T09:27:19,600.9
2026-09-01T09:27:20,407.8
2026-09-01T09:27:21,560.5
2026-09-01T09:27:22,599.6
2026-09-01T09:27:23,621.8
2026-09-01T09:27:24,431.1
2026-09-01T09:27:25,591.3
2026-09-01T09:27:26,445.4
2026-09-01T09:27:27,440.6
2026-09-01T09:27:28,394.6
2026-09-01T09:27:29,592.5
2026-09-01T09:27:30,632.0
2026-09-01T09:27:31,453.1
2026-09-01T09:27:32,440.8
2026-09-01T09:27:33,475.9
2026-09-01T09:27:34,705.4
2026-09-01T09:27:35,587.5
2026-09-01T09:27:36,466.4
2026-09-01T09:27:37,369.4
2026-09-01T09:27:38,462.8
2026-09-01T09:27:39,615.6
2026-09-01T09:27:40,674.4
2026-09-01T09:27:41,508.5
2026-09-01T09:27:42,479.8
2026-09-01T09:27:43,500.0
2026-09-01T09:27:44,396.0
2026-09-01T09:27:45,626.0
2026-09-01T09:27:46,473.3
2026-09-01T09:27:47,652.4
2026-09-01T09:27:48,438.3
2026-09-01T09:27:49,481.3
2026-09-01T09:27:50,614.3
2026-09-01T09:27:51,538.8
2026-09-01T09:27:52,671.3
2026-09-01T09:27:53,618.8
2026-09-01T09:27:54,533.8
2026-09-01T09:27:55,687.4
2026-09-01T09:27:56,715.2
2026-09-01T09:27:57,505.3
2026-09-01T09:27:58,815.2
2026-09-01T09:27:59,719.9
2026-09-01T09:28:00,752.2
2026-09-01T09:28:01,554.1
2026-09-01T09:28:02,657.0
2026-09-01T09:28:03,698.6
2026-09-01T09:28:04,824.8
2026-09-01T09:28:05,634.1
2026-09-01T09:28:06,692.6
2026-09-01T09:28:07,613.6
2026-09-01T09:28:08,769.4
2026-09-01T09:28:09,829.2
2026-09-01T09:28:10,679.6
2026-09-01T09:28:11,780.3
2026-09-01T09:28:12,881.6
2026-09-01T09:28:13,980.8
2026-09-01T09:28:14,920.4
2026-09-01T09:28:15,856.2
2026-09-01T09:28:16,799.6
2026-09-01T09:28:17,832.3
2026-09-01T09:28:18,867.4
2026-09-01T09:28:19,945.6
2026-09-01T09:28:20,943.1
2026-09-01T09:28:21,1093.7
2026-09-01T09:28:22,996.4
2026-09-01T09:28:23,900.8
2026-09-01T09:28:24,1123.0
2026-09-01T09:28:25,1088.3
2026-09-01T09:28:26,1033.2
2026-09-01T09:28:27,980.0
2026-09-01T09:28:28,900.4
2026-09-01T09:28:29,980.6
2026-09-01T09:28:30,1147.4
2026-09-01T09:28:31,1022.1
2026-09-01T09:28:32,992.5
2026-09-01T09:28:33,1125.2
2026-09-01T09:28:34,1140.3
2026-09-01T09:28:35,1180.3
2026-09-01T09:28:36,1194.9
2026-09-01T09:28:37,1265.7
2026-09-01T09:28:38,1096.0
2026-09-01T09:28:39,1251.3
2026-09-01T09:28:40,1103.7
2026-09-01T09:28:41,1247.4
2026-09-01T09:28:42,1215.2
2026-09-01T09:28:43,1228.9
2026-09-01T09:28:44,1295.2
2026-09-01T09:28:45,1224.3
2026-09-01T09:28:46,1322.2
2026-09-01T09:28:47,1310.5
2026-09-01T09:28:48,1258.1
2026-09-01T09:28:49,1208.3
2026-09-01T09:28:50,1199.4
2026-09-01T09:28:51,1223.1
2026-09-01T09:28:52,1254.4
2026-09-01T09:28:53,1273.4
2026-09-01T09:28:54,1518.2
2026-09-01T09:28:55,1334.8
2026-09-01T09:28:56,1348.8
2026-09-01T09:28:57,1221.6
2026-09-01T09:28:58,1236.3
2026-09-01T09:28:59,1269.8
2026-09-01T09:29:00,1312.5
2026-09-01T09:29:01,1215.6
2026-09-01T09:29:02,1428.4
2026-09-01T09:29:03,1254.9
2026-09-01T09:29:04,1386.2
2026-09-01T09:29:05,1112.7
2026-09-01T09:29:06,1298.1
2026-09-01T09:29:07,1319.6
2026-09-01T09:29:08,1311.0
2026-09-01T09:29:09,1341.6
2026-09-01T09:29:10,1313.3
2026-09-01T09:29:11,1300.8
2026-09-01T09:29:12,1133.0
2026-09-01T09:29:13,1223.4
2026-09-01T09:29:14,1088.7
2026-09-01T09:29:15,1321.7
2026-09-01T09:29:16,1290.8
2026-09-01T09:29:17,1245.0
2026-09-01T09:29:18,1189.0
2026-09-01T09:29:19,1201.8
2026-09-01T09:29:20,1389.2
2026-09-01T09:29:21,1373.0
2026-09-01T09:29:22,1222.3
2026-09-01T09:29:23,1322.2
2026-09-01T09:29:24,1083.9
2026-09-01T09:29:25,1047.5
2026-09-01T09:29:26,1154.8
2026-09-01T09:29:27,1114.2
2026-09-01T09:29:28,1129.9
2026-09-01T09:29:29,1179.9
2026-09-01T09:29:30,1396.7
2026-09-01T09:29:31,1091.4
2026-09-01T09:29:32,1137.6
2026-09-01T09:29:33,1144.7
2026-09-01T09:29:34,1108.7
2026-09-01T09:29:35,1174.5
2026-09-01T09:29:36,1230.4
2026-09-01T09:29:37,977.0
2026-09-01T09:29:38,1077.4
2026-09-01T09:29:39,1031.0
2026-09-01T09:29:40,1068.3
2026-09-01T09:29:41,904.7
2026-09-01T09:29:42,873.8
2026-09-01T09:29:43,816.3
2026-09-01T09:29:44,1030.7
2026-09-01T09:29:45,991.0
2026-09-01T09:29:46,968.4
2026-09-01T09:29:47,760.0
2026-09-01T09:29:48,906.2
2026-09-01T09:29:49,862.3
2026-09-01T09:29:50,796.3
2026-09-01T09:29:51,822.9
2026-09-01T09:29:52,938.6
2026-09-01T09:29:53,913.0
2026-09-01T09:29:54,854.4
2026-09-01T09:29:55,884.1
2026-09-01T09:29:56,781.5
2026-09-01T09:29:57,822.4
2026-09-01T09:29:58,806.9
2026-09-01T09:29:59,835.2
2026-09-01T09:30:00,772.5
2026-09-01T09:30:01,754.0
2026-09-01T09:30:02,742.2
2026-09-01T09:30:03,689.1
2026-09-01T09:30:04,907.2
2026-09-01T09:30:05,757.7
2026-09-01T09:30:06,739.1
2026-09-01T09:30:07,876.6
2026-09-01T09:30:08,794.2
2026-09-01T09:30:09,546.4
2026-09-01T09:30:10,715.8
2026-09-01T09:30:11,716.6
2026-09-01T09:30:12,790.1
2026-09-01T09:30:13,734.6
2026-09-01T09:30:14,681.4
2026-09-01T09:30:15,516.2
2026-09-01T09:30:16,531.7
2026-09-01T09:30:17,614.1
2026-09-01T09:30:18,624.7
2026-09-01T09:30:19,494.5
2026-09-01T09:30:20,537.8
2026-09-01T09:30:21,529.3
2026-09-01T09:30:22,559.3
2026-09-01T09:30:23,574.8
2026-09-01T09:30:24,518.8
2026-09-01T09:30:25,437.1
2026-09-01T09:30:26,630.1
2026-09-01T09:30:27,653.5
2026-09-01T09:30:28,512.8
2026-09-01T09:30:29,599.2
2026-09-01T09:30:30,549.1
2026-09-01T09:30:31,563.1
2026-09-01T09:30:32,546.1
2026-09-01T09:30:33,444.1
2026-09-01T09:30:34,549.2
2026-09-01T09:30:35,582.6
2026-09-01T09:30:36,429.0
2026-09-01T09:30:37,657.5
2026-09-01T09:30:38,667.2
2026-09-01T09:30:39,646.1
2026-09-01T09:30:40,660.2
2026-09-01T09:30:41,561.6
2026-09-01T09:30:42,476.8
2026-09-01T09:30:43,457.9
2026-09-01T09:30:44,443.4
2026-09-01T09:30:45,520.6
2026-09-01T09:30:46,512.1
2026-09-01T09:30:47,572.2
2026-09-01T09:30:48,361.2
2026-09-01T09:30:49,712.4
2026-09-01T09:30:50,714.6
2026-09-01T09:30:51,535.7
2026-09-01T09:30:52,597.9
2026-09-01T09:30:53,588.1
2026-09-01T09:30:54,578.6
2026-09-01T09:30:55,547.0
2026-09-01T09:30:56,561.3
2026-09-01T09:30:57,512.9
2026-09-01T09:30:58,601.3
2026-09-01T09:30:59,593.6
2026-09-01T09:31:00,629.9
2026-09-01T09:31:01,545.1
2026-09-01T09:31:02,626.1
2026-09-01T09:31:03,636.5
2026-09-01T09:31:04,691.1
2026-09-01T09:31:05,568.1
2026-09-01T09:31:06,697.3
2026-09-01T09:31:07,753.3
2026-09-01T09:31:08,733.5
2026-09-01T09:31:09,667.7
2026-09-01T09:31:10,669.4
2026-09-01T09:31:11,701.7
2026-09-01T09:31:12,790.9
2026-09-01T09:31:13,869.0
2026-09-01T09:31:14,744.5
2026-09-01T09:31:15,718.3
2026-09-01T09:31:16,812.4
2026-09-01T09:31:17,811.5
2026-09-01T09:31:18,735.4
2026-09-01T09:31:19,762.1
2026-09-01T09:31:20,826.1
2026-09-01T09:31:21,901.1
2026-09-01T09:31:22,765.2
2026-09-01T09:31:23,792.5
2026-09-01T09:31:24,927.2
2026-09-01T09:31:25,802.6
2026-09-01T09:31:26,922.6
2026-09-01T09:31:27,955.4
2026-09-01T09:31:28,931.6
2026-09-01T09:31:29,872.3
2026-09-01T09:31:30,962.2
2026-09-01T09:31:31,953.5
2026-09-01T09:31:32,1020.0
2026-09-01T09:31:33,938.9
2026-09-01T09:31:34,1106.1
2026-09-01T09:31:35,897.4
2026-09-01T09:31:36,1029.9
2026-09-01T09:31:37,1056.9
2026-09-01T09:31:38,1145.4
2026-09-01T09:31:39,1031.8
2026-09-01T09:31:40,1136.0
2026-09-01T09:31:41,1058.5
2026-09-01T09:31:42,1174.3
2026-09-01T09:31:43,1265.3
2026-09-01T09:31:44,1105.1
2026-09-01T09:31:45,1183.2
2026-09-01T09:31:46,1083.9
2026-09-01T09:31:47,1246.0
2026-09-01T09:31:48,1274.8
2026-09-01T09:31:49,1190.2
2026-09-01T09:31:50,1105.7
2026-09-01T09:31:51,1237.4
2026-09-01T09:31:52,1305.6
2026-09-01T09:31:53,1309.0
2026-09-01T09:31:54,1294.6
2026-09-01T09:31:55,1090.5
2026-09-01T09:31:56,1189.5
2026-09-01T09:31:57,1364.3
2026-09-01T09:31:58,1158.7
2026-09-01T09:31:59,1353.1
2026-09-01T09:32:00,1418.6
2026-09-01T09:32:01,1334.0
2026-09-01T09:32:02,1367.3
2026-09-01T09:32:03,1255.2
2026-09-01T09:32:04,1187.5
2026-09-01T09:32:05,1280.7
2026-09-01T09:32:06,1275.9
2026-09-01T09:32:07,1290.5
2026-09-01T09:32:08,1352.1
2026-09-01T09:32:09,1286.3
2026-09-01T09:32:10,1314.4
2026-09-01T09:32:11,1333.7
2026-09-01T09:32:12,1299.6
2026-09-01T09:32:13,1447.3
2026-09-01T09:32:14,1334.6
2026-09-01T09:32:15,1304.9
2026-09-01T09:32:16,1280.0
2026-09-01T09:32:17,1244.6
2026-09-01T09:32:18,1399.8
2026-09-01T09:32:19,1301.4
2026-09-01T09:32:20,1199.8
2026-09-01T09:32:21,1237.5
2026-09-01T09:32:22,1267.4
2026-09-01T09:32:23,1238.2
2026-09-01T09:32:24,1355.6
2026-09-01T09:32:25,1170.5
2026-09-01T09:32:26,1297.1
2026-09-01T09:32:27,1263.0
2026-09-01T09:32:28,1150.8
2026-09-01T09:32:29,1241.8
2026-09-01T09:32:30,1223.2
2026-09-01T09:32:31,1263.2
2026-09-01T09:32:32,1179.0
2026-09-01T09:32:33,1230.9
2026-09-01T09:32:34,1064.7
2026-09-01T09:32:35,1102.1
2026-09-01T09:32:36,1242.2
2026-09-01T09:32:37,1253.1
2026-09-01T09:32:38,1158.7
2026-09-01T09:32:39,1101.5
2026-09-01T09:32:40,1225.5
2026-09-01T09:32:41,960.7
2026-09-01T09:32:42,1053.0
2026-09-01T09:32:43,1159.5
2026-09-01T09:32:44,1146.4
2026-09-01T09:32:45,999.8
2026-09-01T09:32:46,919.4
2026-09-01T09:32:47,1174.4
2026-09-01T09:32:48,1058.2
2026-09-01T09:32:49,961.7
2026-09-01T09:32:50,1025.2
2026-09-01T09:32:51,1080.2
2026-09-01T09:32:52,787.8
2026-09-01T09:32:53,1070.9
2026-09-01T09:32:54,1028.2
2026-09-01T09:32:55,789.4
2026-09-01T09:32:56,1004.3
2026-09-01T09:32:57,786.9
2026-09-01T09:32:58,1007.2
2026-09-01T09:32:59,934.6
2026-09-01T09:33:00,967.6
2026-09-01T09:33:01,879.7
2026-09-01T09:33:02,896.1
2026-09-01T09:33:03,925.4
2026-09-01T09:33:04,872.8
2026-09-01T09:33:05,868.9
2026-09-01T09:33:06,876.8
2026-09-01T09:33:07,883.8
2026-09-01T09:33:08,851.5
2026-09-01T09:33:09,896.5
2026-09-01T09:33:10,896.3
2026-09-01T09:33:11,880.1
2026-09-01T09:33:12,927.0
2026-09-01T09:33:13,864.2
2026-09-01T09:33:14,911.2
2026-09-01T09:33:15,853.6
2026-09-01T09:33:16,890.7
2026-09-01T09:33:17,808.0
2026-09-01T09:33:18,869.9
2026-09-01T09:33:19,856.7
2026-09-01T09:33:20,845.1
2026-09-01T09:33:21,839.7
2026-09-01T09:33:22,845.6
2026-09-01T09:33:23,832.4
2026-09-01T09:33:24,786.2
2026-09-01T09:33:25,832.1
2026-09-01T09:33:26,831.5
2026-09-01T09:33:27,830.3
2026-09-01T09:33:28,812.3
2026-09-01T09:33:29,837.9
2026-09-01T09:33:30,863.5
2026-09-01T09:33:31,830.5
2026-09-01T09:33:32,821.2
2026-09-01T09:33:33,874.7
2026-09-01T09:33:34,861.3
2026-09-01T09:33:35,857.7
2026-09-01T09:33:36,862.7
2026-09-01T09:33:37,816.2
2026-09-01T09:33:38,820.1
2026-09-01T09:33:39,855.4
2026-09-01T09:33:40,803.4
2026-09-01T09:33:41,814.4
2026-09-01T09:33:42,827.3
2026-09-01T09:33:43,825.2
2026-09-01T09:33:44,803.7
2026-09-01T09:33:45,839.5
2026-09-01T09:33:46,802.7
2026-09-01T09:33:47,827.8
2026-09-01T09:33:48,836.1
2026-09-01T09:33:49,821.8
2026-09-01T09:33:50,822.0
2026-09-01T09:33:51,763.2
2026-09-01T09:33:52,756.7
2026-09-01T09:33:53,775.4
2026-09-01T09:33:54,806.3
2026-09-01T09:33:55,835.0
2026-09-01T09:33:56,751.3
2026-09-01T09:33:57,795.2
2026-09-01T09:33:58,758.4
2026-09-01T09:33:59,760.0
2026-09-01T09:34:00,771.7
2026-09-01T09:34:01,798.8
2026-09-01T09:34:02,782.4
2026-09-01T09:34:03,809.4
2026-09-01T09:34:04,742.4
2026-09-01T09:34:05,796.7
2026-09-01T09:34:06,795.9
2026-09-01T09:34:07,768.1
2026-09-01T09:34:08,778.3
2026-09-01T09:34:09,745.1
2026-09-01T09:34:10,727.3
2026-09-01T09:34:11,745.8
2026-09-01T09:34:12,736.7
2026-09-01T09:34:13,840.7
2026-09-01T09:34:14,737.4
2026-09-01T09:34:15,799.5
2026-09-01T09:34:16,754.1
2026-09-01T09:34:17,755.4
2026-09-01T09:34:18,766.3
2026-09-01T09:34:19,718.6
2026-09-01T09:34:20,767.5
2026-09-01T09:34:21,749.3
2026-09-01T09:34:22,690.5
2026-09-01T09:34:23,752.0
2026-09-01T09:34:24,748.6
2026-09-01T09:34:25,743.6
2026-09-01T09:34:26,775.5
2026-09-01T09:34:27,713.6
2026-09-01T09:34:28,739.4
2026-09-01T09:34:29,744.5
2026-09-01T09:34:30,693.0
2026-09-01T09:34:31,754.0
2026-09-01T09:34:32,672.5
2026-09-01T09:34:33,675.0
2026-09-01T09:34:34,727.7
2026-09-01T09:34:35,677.3
2026-09-01T09:34:36,704.5
2026-09-01T09:34:37,656.7
2026-09-01T09:34:38,706.1
2026-09-01T09:34:39,668.0
2026-09-01T09:34:40,710.3
2026-09-01T09:34:41,652.0
2026-09-01T09:34:42,709.5
2026-09-01T09:34:43,686.0
2026-09-01T09:34:44,693.9
2026-09-01T09:34:45,688.0
2026-09-01T09:34:46,691.9
2026-09-01T09:34:47,646.4
2026-09-01T09:34:48,607.1
2026-09-01T09:34:49,683.0
2026-09-01T09:34:50,651.9
2026-09-01T09:34:51,664.4
2026-09-01T09:34:52,688.8
2026-09-01T09:34:53,614.4
2026-09-01T09:34:54,649.1
2026-09-01T09:34:55,651.7
2026-09-01T09:34:56,636.3
2026-09-01T09:34:57,675.8
2026-09-01T09:34:58,659.8
2026-09-01T09:34:59,637.4
2026-09-01T09:35:00,630.5
2026-09-01T09:35:01,682.2
2026-09-01T09:35:02,636.2
2026-09-01T09:35:03,671.6
2026-09-01T09:35:04,665.5
2026-09-01T09:35:05,593.2
2026-09-01T09:35:06,615.5
2026-09-01T09:35:07,646.1
2026-09-01T09:35:08,654.3
2026-09-01T09:35:09,665.4
2026-09-01T09:35:10,664.1
2026-09-01T09:35:11,669.0
2026-09-01T09:35:12,624.8
2026-09-01T09:35:13,627.7
2026-09-01T09:35:14,655.3
2026-09-01T09:35:15,617.2
2026-09-01T09:35:16,659.7
2026-09-01T09:35:17,578.3
2026-09-01T09:35:18,643.6
2026-09-01T09:35:19,616.8
2026-09-01T09:35:20,561.0
2026-09-01T09:35:21,647.4
2026-09-01T09:35:22,625.3
2026-09-01T09:35:23,614.6
2026-09-01T09:35:24,579.7
2026-09-01T09:35:25,596.0
2026-09-01T09:35:26,653.4
2026-09-01T09:35:27,581.2
2026-09-01T09:35:28,499.8
2026-09-01T09:35:29,576.3
2026-09-01T09:35:30,564.0
2026-09-01T09:35:31,594.0
2026-09-01T09:35:32,584.2
2026-09-01T09:35:33,566.6
2026-09-01T09:35:34,566.7
2026-09-01T09:35:35,621.4
2026-09-01T09:35:36,544.7
2026-09-01T09:35:37,644.7
2026-09-01T09:35:38,567.7
2026-09-01T09:35:39,549.2
2026-09-01T09:35:40,603.6
2026-09-01T09:35:41,594.9
2026-09-01T09:35:42,544.7
2026-09-01T09:35:43,596.5
2026-09-01T09:35:44,516.8
2026-09-01T09:35:45,542.3
2026-09-01T09:35:46,601.8
2026-09-01T09:35:47,558.3
2026-09-01T09:35:48,524.9
2026-09-01T09:35:49,577.4
2026-09-01T09:35:50,587.5
2026-09-01T09:35:51,557.3
2026-09-01T09:35:52,501.8
2026-09-01T09:35:53,543.6
2026-09-01T09:35:54,564.5
2026-09-01T09:35:55,573.1
2026-09-01T09:35:56,603.6
2026-09-01T09:35:57,538.4
2026-09-01T09:35:58,529.5
2026-09-01T09:35:59,540.9
2026-09-01T09:36:00,576.2
2026-09-01T09:36:01,509.8
2026-09-01T09:36:02,575.2
2026-09-01T09:36:03,451.5
2026-09-01T09:36:04,555.9
2026-09-01T09:36:05,509.7
2026-09-01T09:36:06,541.8
2026-09-01T09:36:07,546.7
2026-09-01T09:36:08,488.5
2026-09-01T09:36:09,519.4
2026-09-01T09:36:10,527.2
2026-09-01T09:36:11,535.6
2026-09-01T09:36:12,488.1
2026-09-01T09:36:13,484.3
2026-09-01T09:36:14,454.3
2026-09-01T09:36:15,586.2
2026-09-01T09:36:16,502.2
2026-09-01T09:36:17,499.3
2026-09-01T09:36:18,459.2
2026-09-01T09:36:19,529.9
2026-09-01T09:36:20,484.0
2026-09-01T09:36:21,541.1
2026-09-01T09:36:22,521.6
2026-09-01T09:36:23,494.6
2026-09-01T09:36:24,513.8
2026-09-01T09:36:25,456.6
2026-09-01T09:36:26,478.2
2026-09-01T09:36:27,468.7
2026-09-01T09:36:28,445.9
2026-09-01T09:36:29,482.5
2026-09-01T09:36:30,475.7
2026-09-01T09:36:31,521.1
2026-09-01T09:36:32,375.4
2026-09-01T09:36:33,453.8
2026-09-01T09:36:34,444.4
2026-09-01T09:36:35,456.1
2026-09-01T09:36:36,480.7
2026-09-01T09:36:37,478.1
2026-09-01T09:36:38,464.8
2026-09-01T09:36:39,447.8
2026-09-01T09:36:40,474.8
2026-09-01T09:36:41,468.8
2026-09-01T09:36:42,400.7
2026-09-01T09:36:43,446.1
2026-09-01T09:36:44,410.8
2026-09-01T09:36:45,414.6
2026-09-01T09:36:46,452.4
2026-09-01T09:36:47,447.8
2026-09-01T09:36:48,447.4
2026-09-01T09:36:49,415.7
2026-09-01T09:36:50,434.0
2026-09-01T09:36:51,410.6
2026-09-01T09:36:52,447.5
2026-09-01T09:36:53,454.7
2026-09-01T09:36:54,484.7
2026-09-01T09:36:55,468.0
2026-09-01T09:36:56,403.8
2026-09-01T09:36:57,412.3
2026-09-01T09:36:58,395.8
2026-09-01T09:36:59,431.2
2026-09-01T09:37:00,479.4
2026-09-01T09:37:01,439.3
2026-09-01T09:37:02,350.0
2026-09-01T09:37:03,376.3
2026-09-01T09:37:04,373.2
2026-09-01T09:37:05,425.5
2026-09-01T09:37:06,408.0
2026-09-01T09:37:07,415.0
2026-09-01T09:37:08,457.4
2026-09-01T09:37:09,377.2
2026-09-01T09:37:10,374.6
2026-09-01T09:37:11,457.0
2026-09-01T09:37:12,406.3
2026-09-01T09:37:13,370.6
2026-09-01T09:37:14,331.1
2026-09-01T09:37:15,344.3
2026-09-01T09:37:16,314.7
2026-09-01T09:37:17,388.1
2026-09-01T09:37:18,385.3
2026-09-01T09:37:19,411.8
2026-09-01T09:37:20,375.8
2026-09-01T09:37:21,357.2
2026-09-01T09:37:22,353.8
2026-09-01T09:37:23,431.0
2026-09-01T09:37:24,319.0
2026-09-01T09:37:25,375.2
2026-09-01T09:37:26,368.8
2026-09-01T09:37:27,384.5
2026-09-01T09:37:28,351.9
2026-09-01T09:37:29,377.0
2026-09-01T09:37:30,384.5
2026-09-01T09:37:31,353.6
2026-09-01T09:37:32,342.3
2026-09-01T09:37:33,348.4
2026-09-01T09:37:34,323.1
2026-09-01T09:37:35,343.8
2026-09-01T09:37:36,338.9
2026-09-01T09:37:37,352.3
2026-09-01T09:37:38,384.1
2026-09-01T09:37:39,381.2
2026-09-01T09:37:40,326.6
2026-09-01T09:37:41,356.1
2026-09-01T09:37:42,344.8
2026-09-01T09:37:43,356.8
2026-09-01T09:37:44,332.6
2026-09-01T09:37:45,338.0
2026-09-01T09:37:46,313.9
2026-09-01T09:37:47,302.5
2026-09-01T09:37:48,350.2
2026-09-01T09:37:49,361.0
2026-09-01T09:37:50,339.9
2026-09-01T09:37:51,331.1
2026-09-01T09:37:52,324.0
2026-09-01T09:37:53,300.5
2026-09-01T09:37:54,258.5
2026-09-01T09:37:55,329.9
2026-09-01T09:37:56,314.0
2026-09-01T09:37:57,289.4
2026-09-01T09:37:58,275.1
2026-09-01T09:37:59,340.3
2026-09-01T09:38:00,245.9
2026-09-01T09:38:01,350.9
2026-09-01T09:38:02,315.2
2026-09-01T09:38:03,365.1
2026-09-01T09:38:04,270.5
2026-09-01T09:38:05,289.3
2026-09-01T09:38:06,272.8
2026-09-01T09:38:07,290.7
2026-09-01T09:38:08,277.7
2026-09-01T09:38:09,259.5
2026-09-01T09:38:10,312.2
2026-09-01T09:38:11,254.5
2026-09-01T09:38:12,260.8
2026-09-01T09:38:13,290.6
2026-09-01T09:38:14,255.9
2026-09-01T09:38:15,257.0
2026-09-01T09:38:16,278.7
2026-09-01T09:38:17,255.0
2026-09-01T09:38:18,226.6
2026-09-01T09:38:19,258.9
2026-09-01T09:38:20,253.4
2026-09-01T09:38:21,309.1
2026-09-01T09:38:22,223.1
2026-09-01T09:38:23,283.1
2026-09-01T09:38:24,228.4
2026-09-01T09:38:25,239.3
2026-09-01T09:38:26,238.2
2026-09-01T09:38:27,254.1
2026-09-01T09:38:28,269.9
2026-09-01T09:38:29,294.5
2026-09-01T09:38:30,220.9
2026-09-01T09:38:31,277.9
2026-09-01T09:38:32,265.9
2026-09-01T09:38:33,258.4
2026-09-01T09:38:34,209.2
2026-09-01T09:38:35,257.0
2026-09-01T09:38:36,224.8
2026-09-01T09:38:37,236.6
2026-09-01T09:38:38,215.9
2026-09-01T09:38:39,241.9
2026-09-01T09:38:40,253.5
2026-09-01T09:38:41,251.9
2026-09-01T09:38:42,209.8
2026-09-01T09:38:43,243.9
2026-09-01T09:38:44,255.6
2026-09-01T09:38:45,181.9
2026-09-01T09:38:46,252.2
2026-09-01T09:38:47,165.9
2026-09-01T09:38:48,220.3
2026-09-01T09:38:49,219.8
2026-09-01T09:38:50,244.5
2026-09-01T09:38:51,206.4
2026-09-01T09:38:52,181.6
2026-09-01T09:38:53,170.1
2026-09-01T09:38:54,154.5
2026-09-01T09:38:55,213.0
2026-09-01T09:38:56,180.9
2026-09-01T09:38:57,164.5
2026-09-01T09:38:58,200.0
2026-09-01T09:38:59,159.1
2026-09-01T09:39:00,166.9
2026-09-01T09:39:01,164.2
2026-09-01T09:39:02,225.6
2026-09-01T09:39:03,217.9
2026-09-01T09:39:04,167.3
2026-09-01T09:39:05,122.9
2026-09-01T09:39:06,176.3
2026-09-01T09:39:07,168.2
2026-09-01T09:39:08,174.5
2026-09-01T09:39:09,179.0
2026-09-01T09:39:10,150.4
2026-09-01T09:39:11,185.8
2026-09-01T09:39:12,181.1
2026-09-01T09:39:13,160.3
2026-09-01T09:39:14,139.8
2026-09-01T09:39:15,135.6
2026-09-01T09:39:16,168.8
2026-09-01T09:39:17,113.0
2026-09-01T09:39:18,139.2
2026-09-01T09:39:19,119.5
2026-09-01T09:39:20,98.2
2026-09-01T09:39:21,156.1
2026-09-01T09:39:22,135.2
2026-09-01T09:39:23,135.1
2026-09-01T09:39:24,158.2
2026-09-01T09:39:25,85.2
2026-09-01T09:39:26,126.0
2026-09-01T09:39:27,134.7
2026-09-01T09:39:28,149.0
2026-09-01T09:39:29,89.5
2026-09-01T09:39:30,141.5
2026-09-01T09:39:31,124.6
2026-09-01T09:39:32,156.7
2026-09-01T09:39:33,148.2
2026-09-01T09:39:34,128.5
2026-09-01T09:39:35,174.5
2026-09-01T09:39:36,108.0
2026-09-01T09:39:37,93.3
2026-09-01T09:39:38,93.8
2026-09-01T09:39:39,73.8
2026-09-01T09:39:40,99.1
2026-09-01T09:39:41,41.6
2026-09-01T09:39:42,93.5
2026-09-01T09:39:43,106.8
2026-09-01T09:39:44,121.7
2026-09-01T09:39:45,79.6
2026-09-01T09:39:46,129.7
2026-09-01T09:39:47,66.5
2026-09-01T09:39:48,80.0
2026-09-01T09:39:49,25.7
2026-09-01T09:39:50,57.2
2026-09-01T09:39:51,54.3
2026-09-01T09:39:52,119.8
2026-09-01T09:39:53,89.5
2026-09-01T09:39:54,39.7
2026-09-01T09:39:55,85.6
2026-09-01T09:39:56,82.1
2026-09-01T09:39:57,59.2
2026-09-01T09:39:58,64.7
2026-09-01T09:39:59,53.1
